Rk,Player,Season,Age,Tm,Lg,WS,G,GS,MP,FG,FGA,2P,2PA,3P,3PA,FT,FTA,ORB,DRB,TRB,AST,STL,BLK,TOV,PF,PTS,FG%,2P%,3P%,eFG%,FT%,TS%,year
5,Michael Jordan,1988-89,25,CHI,NBA,19.8,81,81,40.2,11.9,22.2,11.6,21.0,0.3,1.2,8.3,9.8,1.8,6.2,8.0,8.0,2.9,0.8,3.6,3.0,32.5,.538,.553,.276,.546,.850,.614,1989
33,Charles Barkley,1988-89,25,PHI,NBA,16.1,79,79,39.1,8.9,15.3,8.4,13.2,0.4,2.1,7.6,10.1,5.1,7.4,12.5,4.1,1.6,0.8,3.2,3.3,25.8,.579,.636,.216,.594,.753,.653,1989
36,Magic Johnson,1988-89,29,LAL,NBA,16.1,77,77,37.5,7.5,14.8,6.8,12.3,0.8,2.4,6.7,7.3,1.4,6.4,7.9,12.8,1.8,0.3,4.1,2.2,22.5,.509,.548,.314,.535,.911,.625,1989
48,John Stockton,1988-89,26,UTA,NBA,15.6,82,82,38.7,6.1,11.3,5.9,10.5,0.2,0.8,4.8,5.5,1.0,2.0,3.0,13.6,3.2,0.2,3.8,2.9,17.1,.538,.561,.242,.547,.863,.624,1989
58,Karl Malone,1988-89,25,UTA,NBA,15.2,80,80,39.1,10.1,19.5,10.1,19.3,0.1,0.2,8.8,11.5,3.2,7.4,10.7,2.7,1.8,0.9,3.6,3.6,29.1,.519,.521,.313,.521,.766,.592,1989
171,Hakeem Olajuwon,1988-89,26,HOU,NBA,12.4,82,82,36.9,9.6,19.0,9.6,18.9,0.0,0.1,5.5,8.0,4.1,9.4,13.5,1.8,2.6,3.4,3.4,4.0,24.8,.508,.511,.000,.508,.696,.552,1989
178,Kevin Johnson,1988-89,22,PHO,NBA,12.2,81,81,39.2,7.0,13.9,7.0,13.7,0.0,0.3,6.3,7.1,0.6,3.6,4.2,12.2,1.7,0.3,4.0,2.8,20.4,.505,.514,.091,.506,.882,.597,1989
224,Mark Price,1988-89,24,CLE,NBA,11.3,75,74,36.4,7.1,13.4,5.8,10.6,1.2,2.8,3.5,3.9,0.6,2.4,3.0,8.4,1.5,0.1,2.8,1.3,18.9,.526,.548,.441,.572,.901,.623,1989
246,Patrick Ewing,1988-89,26,NYK,NBA,10.9,80,80,36.2,9.1,16.0,9.1,16.0,0.0,0.1,4.5,6.1,2.7,6.6,9.3,2.4,1.5,3.5,3.3,3.9,22.7,.567,.570,.000,.567,.746,.607,1989
251,Dale Ellis,1988-89,28,SEA,NBA,10.8,82,82,38.9,10.5,20.9,8.5,16.7,2.0,4.1,4.6,5.6,1.9,2.3,4.2,2.0,1.3,0.3,2.7,2.4,27.5,.501,.507,.478,.549,.816,.589,1989
273,Chris Mullin,1988-89,25,GSW,NBA,10.6,82,82,37.7,10.1,19.9,9.8,18.7,0.3,1.2,6.0,6.7,1.9,4.0,5.9,5.1,2.1,0.5,3.6,2.2,26.5,.509,.527,.230,.516,.892,.581,1989
281,Robert Parish,1988-89,35,BOS,NBA,10.5,80,80,35.5,7.5,13.1,7.5,13.1,0.0,0.0,3.7,5.1,4.3,8.2,12.5,2.2,1.0,1.5,2.5,2.6,18.6,.570,.570,,.570,.719,.607,1989
289,Dominique Wilkins,1988-89,29,ATL,NBA,10.4,80,80,37.5,10.2,22.0,9.8,20.6,0.4,1.3,5.5,6.6,3.2,3.7,6.9,2.6,1.5,0.7,2.3,1.7,26.2,.464,.475,.276,.472,.844,.528,1989
347,Tom Chambers,1988-89,29,PHO,NBA,9.2,81,81,37.1,9.6,20.3,9.2,19.2,0.3,1.1,6.3,7.4,1.8,6.7,8.4,2.9,1.1,0.7,2.9,3.3,25.7,.471,.479,.326,.480,.851,.547,1989
418,Terry Cummings,1988-89,27,MIL,NBA,7.7,80,78,35.3,9.1,19.5,9.0,19.4,0.1,0.2,4.5,5.8,3.5,4.6,8.1,2.5,1.3,0.9,2.5,3.3,22.9,.467,.467,.467,.469,.787,.518,1989
8,Michael Jordan,1989-90,26,CHI,NBA,19.0,82,82,39.0,12.6,24.0,11.5,21.0,1.1,3.0,7.2,8.5,1.7,5.1,6.9,6.3,2.8,0.7,3.0,2.9,33.6,.526,.548,.376,.550,.848,.606,1990
22,Charles Barkley,1989-90,26,PHI,NBA,17.3,79,79,39.1,8.9,14.9,8.7,13.7,0.3,1.2,7.1,9.4,4.6,6.9,11.5,3.9,1.9,0.6,3.1,3.2,25.2,.600,.632,.217,.608,.749,.661,1990
28,Magic Johnson,1989-90,30,LAL,NBA,16.5,79,79,37.2,6.9,14.4,5.6,10.9,1.3,3.5,7.2,8.1,1.6,5.0,6.6,11.5,1.7,0.4,3.7,2.1,22.3,.480,.510,.384,.526,.890,.622,1990
41,Karl Malone,1989-90,26,UTA,NBA,15.9,82,82,38.1,11.1,19.8,11.0,19.3,0.2,0.5,8.5,11.1,2.8,8.3,11.1,2.8,1.5,0.6,3.7,3.2,31.0,.562,.567,.372,.567,.762,.626,1990
61,David Robinson,1989-90,24,SAS,NBA,15.1,82,81,36.6,8.4,15.9,8.4,15.8,0.0,0.0,7.5,10.2,3.7,8.3,12.0,2.0,1.7,3.9,3.1,3.2,24.3,.531,.532,.000,.531,.732,.597,1990
80,John Stockton,1989-90,27,UTA,NBA,14.4,78,78,37.4,6.1,11.8,5.4,10.3,0.6,1.4,4.5,5.5,0.7,1.9,2.6,14.5,2.7,0.2,3.5,3.0,17.2,.514,.528,.416,.540,.819,.607,1990
111,Patrick Ewing,1989-90,27,NYK,NBA,13.5,82,82,38.6,11.2,20.4,11.2,20.4,0.0,0.0,6.1,7.9,2.9,8.0,10.9,2.2,1.0,4.0,3.4,4.0,28.6,.551,.552,.250,.551,.775,.599,1990
203,Clyde Drexler,1989-90,27,POR,NBA,11.6,73,73,36.8,9.2,18.6,8.8,17.1,0.4,1.5,4.6,5.9,2.8,4.1,6.9,5.9,2.0,0.7,2.6,3.0,23.3,.494,.512,.283,.505,.774,.551,1990
205,Kevin Johnson,1989-90,23,PHO,NBA,11.6,74,74,37.6,7.8,15.7,7.7,15.1,0.1,0.6,6.8,8.1,0.6,3.1,3.6,11.4,1.3,0.2,3.6,1.9,22.5,.499,.510,.195,.502,.838,.585,1990
226,Tom Chambers,1989-90,30,PHO,NBA,11.2,81,81,37.6,10.0,20.0,9.7,18.9,0.3,1.1,6.9,8.0,1.5,5.6,7.0,2.3,1.1,0.6,2.7,3.2,27.2,.501,.513,.279,.508,.861,.579,1990
230,Hakeem Olajuwon,1989-90,27,HOU,NBA,11.2,82,82,38.1,9.8,19.6,9.8,19.5,0.0,0.1,4.7,6.5,3.6,10.4,14.0,2.9,2.1,4.6,3.9,3.8,24.3,.501,.502,.167,.501,.713,.541,1990
277,James Worthy,1989-90,28,LAL,NBA,10.6,80,80,37.0,8.9,16.2,8.7,15.6,0.2,0.6,3.1,4.0,2.0,4.0,6.0,3.6,1.2,0.6,2.0,2.4,21.1,.548,.557,.306,.554,.782,.586,1990
298,Chris Mullin,1989-90,26,GSW,NBA,10.2,78,78,36.3,8.7,16.3,7.6,13.3,1.1,3.0,6.5,7.3,1.7,4.3,5.9,4.1,1.6,0.6,3.1,1.8,25.1,.536,.573,.372,.570,.889,.643,1990
336,Larry Bird,1989-90,33,BOS,NBA,9.5,75,75,39.3,9.6,20.2,8.7,17.6,0.9,2.6,4.3,4.6,1.2,8.3,9.5,7.5,1.4,0.8,3.2,2.3,24.3,.473,.494,.333,.495,.930,.546,1990
376,Joe Dumars,1989-90,26,DET,NBA,8.7,75,71,34.4,6.8,14.1,6.5,13.4,0.3,0.7,4.0,4.4,0.8,2.0,2.8,4.9,0.8,0.0,1.9,1.7,17.8,.480,.485,.400,.491,.900,.555,1990
3,Michael Jordan,1990-91,27,CHI,NBA,20.3,82,82,37.0,12.1,22.4,11.7,21.3,0.4,1.1,7.0,8.2,1.4,4.6,6.0,5.5,2.7,1.0,2.5,2.8,31.5,.539,.551,.312,.547,.851,.605,1991
24,David Robinson,1990-91,25,SAS,NBA,17.0,82,81,37.7,9.2,16.7,9.2,16.6,0.0,0.1,7.2,9.5,4.1,8.9,13.0,2.5,1.5,3.9,3.3,3.2,25.6,.552,.554,.143,.552,.762,.615,1991
50,Karl Malone,1990-91,27,UTA,NBA,15.5,82,82,40.3,10.3,19.6,10.3,19.4,0.0,0.2,8.3,10.8,2.9,8.9,11.8,3.3,1.1,1.0,3.0,3.3,29.0,.527,.529,.286,.528,.770,.596,1991
52,Magic Johnson,1990-91,31,LAL,NBA,15.4,79,79,37.1,5.9,12.4,4.9,9.2,1.0,3.2,6.6,7.3,1.3,5.6,7.0,12.5,1.3,0.2,4.0,1.9,19.4,.477,.532,.320,.518,.906,.623,1991
89,John Stockton,1990-91,28,UTA,NBA,14.0,82,82,37.8,6.0,11.9,5.3,9.9,0.7,2.0,4.4,5.3,0.6,2.3,2.9,14.2,2.9,0.2,3.6,2.8,17.2,.507,.541,.345,.537,.836,.604,1991
114,Charles Barkley,1990-91,27,PHI,NBA,13.4,67,67,37.3,9.9,17.4,9.3,15.1,0.7,2.3,7.1,9.8,3.9,6.3,10.1,4.2,1.6,0.5,3.1,2.6,27.6,.570,.614,.284,.589,.722,.635,1991
155,Kevin Johnson,1990-91,24,PHO,NBA,12.7,77,76,36.0,7.7,14.9,7.6,14.3,0.1,0.6,6.7,8.0,0.7,2.8,3.5,10.1,2.1,0.1,3.5,2.3,22.2,.516,.529,.205,.520,.843,.604,1991
169,Clyde Drexler,1990-91,28,POR,NBA,12.4,82,82,34.8,7.9,16.3,7.1,14.0,0.7,2.3,5.1,6.4,2.6,4.1,6.7,6.0,1.8,0.7,2.8,2.8,21.5,.482,.509,.319,.505,.794,.563,1991
180,Chris Mullin,1990-91,27,GSW,NBA,12.2,82,82,40.4,9.5,17.7,9.0,16.0,0.5,1.6,6.3,7.1,1.7,3.7,5.4,4.0,2.1,0.8,3.0,2.1,25.7,.536,.560,.301,.550,.884,.618,1991
221,Dominique Wilkins,1990-91,31,ATL,NBA,11.4,81,81,38.0,9.5,20.2,8.5,17.2,1.0,3.1,5.9,7.1,3.2,5.8,9.0,3.3,1.5,0.8,2.5,1.9,25.9,.470,.492,.341,.495,.829,.555,1991
309,Patrick Ewing,1990-91,28,NYK,NBA,10.0,81,81,38.3,10.4,20.3,10.4,20.2,0.0,0.1,5.7,7.7,2.4,8.8,11.2,3.0,1.0,3.2,3.6,3.5,26.6,.514,.516,.000,.514,.745,.561,1991
314,Joe Dumars,1990-91,27,DET,NBA,9.9,80,80,38.1,7.8,16.2,7.6,15.6,0.2,0.6,4.6,5.2,0.8,1.6,2.3,5.5,1.1,0.1,2.4,1.7,20.4,.481,.488,.311,.487,.890,.552,1991
367,James Worthy,1990-91,29,LAL,NBA,9.0,78,74,38.6,9.2,18.7,8.8,17.5,0.3,1.2,2.7,3.4,1.4,3.2,4.6,3.5,1.3,0.4,1.6,1.5,21.4,.492,.505,.289,.501,.797,.531,1991
383,Hakeem Olajuwon,1990-91,28,HOU,NBA,8.6,56,50,36.8,8.7,17.1,8.7,17.1,0.0,0.1,3.8,4.9,3.9,9.8,13.8,2.3,2.2,3.9,3.1,3.9,21.2,.508,.510,.000,.508,.769,.549,1991
465,Bernard King,1990-91,34,WSB,NBA,3.5,64,64,37.5,11.1,23.6,11.0,23.0,0.1,0.6,6.0,7.6,1.8,3.2,5.0,4.6,0.9,0.3,4.0,2.9,28.4,.472,.478,.216,.475,.790,.527,1991
19,Michael Jordan,1991-92,28,CHI,NBA,17.7,80,80,38.8,11.8,22.7,11.5,21.5,0.3,1.3,6.1,7.4,1.1,5.3,6.4,6.1,2.3,0.9,2.5,2.5,30.1,.519,.533,.270,.526,.832,.579,1992
60,Karl Malone,1991-92,28,UTA,NBA,15.1,81,81,37.7,9.9,18.7,9.8,18.5,0.0,0.2,8.3,10.7,2.8,8.4,11.2,3.0,1.3,0.6,3.1,2.8,28.0,.526,.530,.176,.527,.778,.599,1992
96,David Robinson,1991-92,26,SAS,NBA,13.9,68,68,37.7,8.7,15.8,8.7,15.7,0.0,0.1,5.8,8.3,3.8,8.4,12.2,2.7,2.3,4.5,2.7,3.2,23.2,.551,.554,.125,.552,.701,.597,1992
118,John Stockton,1991-92,29,UTA,NBA,13.4,82,82,36.6,5.5,11.5,4.5,9.0,1.0,2.5,3.8,4.5,0.8,2.5,3.3,13.7,3.0,0.3,3.5,2.9,15.8,.482,.503,.407,.527,.842,.590,1992
133,Patrick Ewing,1991-92,29,NYK,NBA,13.0,82,82,38.4,9.7,18.6,9.7,18.5,0.0,0.1,4.6,6.2,2.8,8.5,11.2,1.9,1.1,3.0,2.5,3.4,24.0,.522,.523,.167,.522,.738,.563,1992
146,Clyde Drexler,1991-92,29,POR,NBA,12.8,76,76,36.2,9.1,19.4,7.6,15.0,1.5,4.4,5.3,6.6,2.2,4.4,6.6,6.7,1.8,0.9,3.2,3.0,25.0,.470,.510,.337,.509,.794,.560,1992
158,Scottie Pippen,1991-92,26,CHI,NBA,12.7,82,82,38.6,8.4,16.6,8.2,15.6,0.2,1.0,4.0,5.3,2.3,5.4,7.7,7.0,1.9,1.1,3.1,3.0,21.0,.506,.525,.200,.511,.760,.555,1992
164,Dennis Rodman,1991-92,30,DET,NBA,12.6,82,80,40.3,4.2,7.7,3.8,6.5,0.4,1.2,1.0,1.7,6.4,12.3,18.7,2.3,0.8,0.9,1.7,3.0,9.8,.539,.581,.317,.564,.600,.574,1992
173,Charles Barkley,1991-92,28,PHI,NBA,12.3,75,75,38.4,8.3,15.0,7.9,13.2,0.4,1.8,6.1,8.7,3.6,7.5,11.1,4.1,1.8,0.6,3.1,2.6,23.1,.552,.597,.234,.567,.695,.612,1992
197,Brad Daugherty,1991-92,26,CLE,NBA,11.7,73,73,36.2,7.9,13.8,7.9,13.8,0.0,0.0,5.7,7.3,2.6,7.8,10.4,3.6,0.9,1.1,2.5,2.6,21.5,.570,.571,.000,.570,.777,.629,1992
253,Chris Mullin,1991-92,28,GSW,NBA,10.8,81,81,41.3,10.2,19.6,9.5,17.4,0.8,2.2,4.3,5.2,1.6,4.0,5.6,3.5,2.1,0.8,2.5,2.1,25.6,.524,.544,.366,.544,.833,.586,1992
310,Kevin Johnson,1991-92,25,PHO,NBA,10.0,78,78,37.2,6.9,14.4,6.8,13.8,0.1,0.6,5.7,7.1,0.8,3.0,3.7,10.7,1.5,0.3,3.5,2.3,19.7,.479,.490,.217,.484,.807,.561,1992
350,Tim Hardaway,1991-92,25,GSW,NBA,9.2,81,81,41.1,9.1,19.7,7.5,15.0,1.6,4.6,3.7,4.8,1.0,2.8,3.8,10.0,2.0,0.2,3.3,2.6,23.4,.461,.499,.338,.501,.766,.537,1992
358,Mark Price,1991-92,27,CLE,NBA,9.1,72,72,29.7,6.1,12.5,4.7,8.8,1.4,3.6,3.8,4.0,0.5,1.9,2.4,7.4,1.3,0.2,2.2,1.6,17.3,.488,.530,.387,.545,.947,.610,1992
375,Kevin Willis,1991-92,29,ATL,NBA,8.8,81,80,36.6,7.3,15.1,7.2,14.7,0.1,0.5,3.6,4.5,5.2,10.4,15.5,2.1,0.9,0.7,2.4,2.8,18.3,.483,.493,.162,.485,.804,.535,1992
23,Michael Jordan,1992-93,29,CHI,NBA,17.2,78,78,39.3,12.7,25.7,11.7,22.7,1.0,2.9,6.1,7.3,1.7,5.0,6.7,5.5,2.8,0.8,2.7,2.4,32.6,.495,.514,.352,.515,.837,.564,1993
43,Hakeem Olajuwon,1992-93,30,HOU,NBA,15.8,82,82,39.5,10.3,19.5,10.3,19.5,0.0,0.1,5.4,7.0,3.5,9.6,13.0,3.5,1.8,4.2,3.2,3.7,26.1,.529,.532,.000,.529,.779,.577,1993
53,Karl Malone,1992-93,29,UTA,NBA,15.4,82,82,37.8,9.7,17.6,9.7,17.4,0.0,0.2,7.5,10.2,2.8,8.4,11.2,3.8,1.5,1.0,2.9,3.2,27.0,.552,.557,.200,.554,.740,.612,1993
76,Charles Barkley,1992-93,29,PHO,NBA,14.4,76,76,37.6,9.4,18.1,8.5,15.2,0.9,2.9,5.9,7.7,3.1,9.1,12.2,5.1,1.6,1.0,3.1,2.6,25.6,.520,.561,.305,.545,.765,.596,1993
123,David Robinson,1992-93,27,SAS,NBA,13.2,82,82,39.2,8.2,16.4,8.2,16.2,0.0,0.2,6.8,9.3,2.8,8.9,11.7,3.7,1.5,3.2,2.9,2.9,23.4,.501,.506,.176,.503,.732,.569,1993
268,Patrick Ewing,1992-93,30,NYK,NBA,10.6,81,81,37.1,9.6,19.1,9.6,19.0,0.0,0.1,4.9,6.9,2.4,9.7,12.1,1.9,0.9,2.0,3.3,3.5,24.2,.503,.504,.143,.503,.719,.546,1993
274,John Stockton,1992-93,30,UTA,NBA,10.6,82,82,34.9,5.3,11.0,4.5,8.7,0.9,2.3,3.6,4.5,0.8,2.1,2.9,12.0,2.4,0.3,3.2,2.7,15.1,.486,.513,.385,.526,.798,.584,1993
283,Dominique Wilkins,1992-93,33,ATL,NBA,10.5,71,70,37.3,10.4,22.3,8.7,17.9,1.7,4.5,7.3,8.8,2.6,4.2,6.8,3.2,1.0,0.4,2.6,1.6,29.9,.468,.490,.380,.506,.828,.570,1993
320,Mark Price,1992-93,28,CLE,NBA,9.8,75,74,31.7,6.4,13.1,4.7,9.2,1.6,3.9,3.9,4.1,0.5,2.2,2.7,8.0,1.2,0.1,2.6,1.4,18.2,.484,.512,.416,.546,.948,.609,1993
328,Larry Johnson,1992-93,23,CHH,NBA,9.6,82,82,40.5,8.9,16.9,8.7,16.0,0.2,0.9,4.1,5.3,3.4,7.1,10.5,4.3,0.6,0.3,2.8,2.3,22.1,.526,.540,.254,.532,.767,.574,1993
338,Derrick Coleman,1992-93,25,NJN,NBA,9.5,76,73,36.3,7.4,16.1,7.1,14.8,0.3,1.3,5.5,6.9,3.3,8.0,11.2,3.6,1.2,1.7,3.2,2.8,20.7,.460,.480,.232,.469,.808,.540,1993
354,Joe Dumars,1992-93,29,DET,NBA,9.1,77,77,40.2,8.8,18.9,7.3,15.0,1.5,3.9,4.5,5.2,0.8,1.1,1.9,4.0,1.0,0.1,1.8,1.8,23.5,.466,.489,.375,.504,.864,.555,1993
385,Scottie Pippen,1992-93,27,CHI,NBA,8.6,81,81,38.6,7.8,16.4,7.5,15.2,0.3,1.1,2.9,4.3,2.5,5.2,7.7,6.3,2.1,0.9,3.0,2.7,18.6,.473,.491,.237,.482,.663,.510,1993
391,Dražen Petrović,1992-93,28,NJN,NBA,8.4,70,67,38.0,8.4,16.2,7.3,13.8,1.1,2.4,4.5,5.2,0.6,2.1,2.7,3.5,1.3,0.2,2.9,3.4,22.3,.518,.529,.449,.551,.870,.605,1993
426,Tim Hardaway,1992-93,26,GSW,NBA,7.5,66,66,39.5,7.9,17.7,6.4,13.0,1.5,4.7,4.1,5.6,0.9,3.1,4.0,10.6,1.8,0.2,3.3,2.3,21.5,.447,.489,.330,.491,.744,.534,1993
4,David Robinson,1993-94,28,SAS,NBA,20.0,80,80,40.5,10.5,20.7,10.4,20.4,0.1,0.4,8.7,11.6,3.0,7.7,10.7,4.8,1.7,3.3,3.2,2.9,29.8,.507,.510,.345,.510,.749,.577,1994
25,Shaquille O'Neal,1993-94,21,ORL,NBA,16.9,81,81,39.8,11.8,19.6,11.8,19.6,0.0,0.0,5.8,10.5,4.7,8.5,13.2,2.4,0.9,2.9,2.7,3.5,29.3,.599,.600,.000,.599,.554,.605,1994
85,Hakeem Olajuwon,1993-94,31,HOU,NBA,14.3,80,80,41.0,11.2,21.2,11.1,20.9,0.1,0.2,4.9,6.8,2.9,9.1,11.9,3.6,1.6,3.7,3.4,3.6,27.3,.528,.529,.421,.530,.716,.565,1994
116,Karl Malone,1993-94,30,UTA,NBA,13.4,82,82,40.6,9.4,18.9,9.3,18.5,0.1,0.4,6.2,9.0,2.9,8.6,11.5,4.0,1.5,1.5,2.9,3.3,25.2,.497,.503,.250,.500,.694,.550,1994
124,John Stockton,1993-94,31,UTA,NBA,13.2,82,82,36.2,5.6,10.6,5.0,8.8,0.6,1.8,3.3,4.1,0.9,2.3,3.1,12.6,2.4,0.3,3.2,2.9,15.1,.528,.570,.322,.555,.805,.608,1994
201,Shawn Kemp,1993-94,24,SEA,NBA,11.7,79,73,32.9,6.7,12.5,6.7,12.5,0.0,0.1,4.6,6.2,3.9,6.8,10.8,2.6,1.8,2.1,3.3,3.9,18.1,.538,.540,.250,.539,.741,.593,1994
231,Scottie Pippen,1993-94,28,CHI,NBA,11.2,72,72,38.3,8.7,17.8,7.8,15.0,0.9,2.7,3.8,5.7,2.4,6.3,8.7,5.6,2.9,0.8,3.2,3.2,22.0,.491,.522,.320,.515,.660,.544,1994
312,Mark Price,1993-94,29,CLE,NBA,10.0,76,73,31.4,6.3,13.2,4.8,9.3,1.6,3.9,3.1,3.5,0.5,2.5,3.0,7.8,1.4,0.1,2.5,1.2,17.3,.478,.511,.397,.536,.888,.586,1994
313,Derrick Coleman,1993-94,26,NJN,NBA,9.9,77,77,36.1,7.0,15.7,6.5,14.1,0.5,1.6,5.7,7.4,3.4,7.9,11.3,3.4,0.9,1.8,2.7,2.7,20.2,.447,.462,.314,.463,.774,.534,1994
344,Gary Payton,1993-94,25,SEA,NBA,9.3,82,82,35.1,7.1,14.1,6.9,13.5,0.2,0.7,2.0,3.4,1.3,2.0,3.3,6.0,2.3,0.2,2.1,2.8,16.5,.504,.515,.278,.510,.595,.526,1994
371,Charles Barkley,1993-94,30,PHO,NBA,8.8,65,65,35.4,8.0,16.1,7.2,13.4,0.7,2.7,4.9,7.0,3.0,8.1,11.2,4.6,1.6,0.6,3.2,2.5,21.6,.495,.541,.270,.518,.704,.563,1994
379,Kevin Johnson,1993-94,27,PHO,NBA,8.7,67,67,36.6,7.1,14.6,7.0,14.2,0.1,0.4,5.7,6.9,0.8,1.7,2.5,9.5,1.9,0.1,3.5,1.9,20.0,.487,.494,.222,.490,.819,.566,1994
392,Dominique Wilkins,1993-94,34,TOT,NBA,8.4,74,74,35.6,9.4,21.5,8.3,17.5,1.1,4.0,6.0,7.1,2.5,4.0,6.5,2.3,1.2,0.4,2.3,1.7,26.0,.440,.474,.288,.466,.847,.529,1994
408,Latrell Sprewell,1993-94,23,GSW,NBA,8.0,82,82,43.1,7.5,17.3,5.8,12.5,1.7,4.8,4.3,5.6,1.0,3.9,4.9,4.7,2.2,0.9,2.8,1.9,21.0,.433,.460,.361,.482,.774,.532,1994
446,Mitch Richmond,1993-94,28,SAC,NBA,6.4,78,78,37.1,8.1,18.3,6.5,14.3,1.6,4.0,5.5,6.6,0.9,2.8,3.7,4.0,1.3,0.2,2.8,2.7,23.4,.445,.455,.407,.489,.834,.551,1994
21,David Robinson,1994-95,29,SAS,NBA,17.5,81,81,38.0,9.7,18.4,9.7,18.1,0.1,0.2,8.1,10.5,2.9,7.9,10.8,2.9,1.7,3.2,2.9,2.8,27.6,.530,.533,.300,.532,.774,.602,1995
88,Shaquille O'Neal,1994-95,22,ORL,NBA,14.0,79,79,37.0,11.8,20.2,11.8,20.1,0.0,0.1,5.8,10.8,4.2,7.3,11.4,2.7,0.9,2.4,2.6,3.3,29.3,.583,.585,.000,.583,.533,.588,1995
97,John Stockton,1994-95,32,UTA,NBA,13.9,82,82,35.0,5.2,9.6,4.0,6.9,1.2,2.8,3.0,3.7,0.7,2.4,3.1,12.3,2.4,0.3,3.3,2.6,14.7,.542,.580,.449,.607,.804,.651,1995
101,Karl Malone,1994-95,31,UTA,NBA,13.8,82,82,38.1,10.1,18.9,10.0,18.4,0.1,0.5,6.3,8.5,1.9,8.7,10.6,3.5,1.6,1.0,2.9,3.3,26.7,.536,.543,.268,.540,.742,.590,1995
145,Detlef Schrempf,1994-95,32,SEA,NBA,12.9,82,82,35.2,6.4,12.2,5.2,10.0,1.1,2.2,5.3,6.4,1.6,4.5,6.2,3.8,1.1,0.4,2.1,3.1,19.2,.523,.525,.514,.569,.839,.641,1995
196,Scottie Pippen,1994-95,29,CHI,NBA,11.8,79,79,38.2,8.0,16.7,6.6,12.7,1.4,4.0,4.0,5.6,2.2,5.9,8.1,5.2,2.9,1.1,3.4,3.0,21.4,.480,.523,.345,.522,.716,.559,1995
198,Clyde Drexler,1994-95,32,TOT,NBA,11.7,76,75,35.9,7.5,16.3,5.6,10.9,1.9,5.4,4.8,5.8,2.0,4.3,6.3,4.8,1.8,0.6,2.4,2.7,21.8,.461,.511,.360,.521,.824,.577,1995
202,Gary Payton,1994-95,26,SEA,NBA,11.7,82,82,36.8,8.4,16.4,7.5,13.6,0.9,2.8,3.0,4.2,1.3,2.1,3.4,7.1,2.5,0.2,2.5,2.5,20.6,.509,.553,.302,.535,.716,.564,1995
219,Reggie Miller,1994-95,29,IND,NBA,11.4,81,81,32.9,6.2,13.5,3.8,7.7,2.4,5.8,4.7,5.3,0.4,2.2,2.6,3.0,1.2,0.2,1.9,1.9,19.6,.462,.498,.415,.552,.897,.620,1995
261,Anfernee Hardaway,1994-95,23,ORL,NBA,10.7,77,77,37.7,7.6,14.8,6.5,11.6,1.1,3.2,4.6,6.0,1.8,2.6,4.4,7.2,1.7,0.3,3.4,2.1,20.9,.512,.558,.349,.550,.769,.599,1995
263,Hakeem Olajuwon,1994-95,32,HOU,NBA,10.7,72,72,39.6,11.1,21.5,11.0,21.2,0.0,0.2,5.6,7.5,2.4,8.4,10.8,3.5,1.8,3.4,3.3,3.5,27.8,.517,.520,.188,.517,.756,.563,1995
266,Charles Barkley,1994-95,31,PHO,NBA,10.6,68,66,35.0,8.1,16.8,7.1,13.6,1.1,3.2,5.6,7.5,3.0,8.1,11.1,4.1,1.6,0.7,2.2,3.0,23.0,.486,.521,.338,.518,.748,.572,1995
271,Shawn Kemp,1994-95,25,SEA,NBA,10.6,82,79,32.7,6.6,12.2,6.6,12.1,0.0,0.1,5.3,7.1,3.9,7.0,10.9,1.8,1.2,1.5,3.2,4.1,18.7,.547,.548,.286,.548,.749,.610,1995
407,Mitch Richmond,1994-95,29,SAC,NBA,8.0,82,82,38.7,8.1,18.3,6.2,13.1,1.9,5.2,4.6,5.4,0.8,3.5,4.4,3.8,1.1,0.4,2.9,2.8,22.8,.446,.477,.368,.498,.843,.551,1995
455,Dennis Rodman,1994-95,33,SAS,NBA,5.8,49,26,32.0,2.8,4.9,2.8,4.9,0.0,0.0,1.5,2.3,5.6,11.2,16.8,2.0,0.6,0.5,2.0,3.2,7.1,.571,.576,.000,.571,.676,.604,1995
1,Michael Jordan,1995-96,32,CHI,NBA,20.4,82,82,37.7,11.2,22.6,9.8,19.4,1.4,3.2,6.7,8.0,1.8,4.8,6.6,4.3,2.2,0.5,2.4,2.4,30.4,.495,.506,.427,.525,.834,.582,1996
15,David Robinson,1995-96,30,SAS,NBA,18.3,82,82,36.8,8.7,16.8,8.6,16.7,0.0,0.1,7.6,10.0,3.9,8.3,12.2,3.0,1.4,3.3,2.3,3.2,25.0,.516,.517,.333,.517,.761,.589,1996
59,Karl Malone,1995-96,32,UTA,NBA,15.1,82,82,38.0,9.6,18.5,9.4,18.0,0.2,0.5,6.2,8.6,2.1,7.7,9.8,4.2,1.7,0.7,2.4,3.0,25.7,.519,.522,.400,.524,.723,.575,1996
78,Anfernee Hardaway,1995-96,24,ORL,NBA,14.4,82,82,36.8,7.6,14.8,6.5,11.4,1.1,3.5,5.4,7.1,1.6,2.7,4.3,7.1,2.0,0.5,2.8,2.0,21.7,.513,.573,.314,.549,.767,.605,1996
134,John Stockton,1995-96,33,UTA,NBA,13.0,82,82,35.5,5.4,10.0,4.2,7.2,1.2,2.7,2.9,3.4,0.7,2.1,2.8,11.2,1.7,0.2,3.0,2.5,14.7,.538,.582,.422,.596,.830,.642,1996
175,Scottie Pippen,1995-96,30,CHI,NBA,12.3,77,77,36.7,7.3,15.8,5.4,10.6,1.9,5.2,2.9,4.2,2.0,4.5,6.4,5.9,1.7,0.7,2.7,2.6,19.4,.463,.507,.374,.525,.679,.551,1996
200,Grant Hill,1995-96,23,DET,NBA,11.7,80,80,40.8,7.1,15.3,7.0,14.9,0.1,0.3,6.1,8.1,1.6,8.2,9.8,6.9,1.3,0.6,3.3,3.0,20.2,.462,.468,.192,.464,.751,.537,1996
216,Gary Payton,1995-96,27,SEA,NBA,11.5,81,81,39.0,7.6,15.8,6.4,12.1,1.2,3.7,2.8,3.8,1.3,2.9,4.2,7.5,2.9,0.2,3.2,2.7,19.3,.484,.532,.328,.523,.748,.554,1996
228,Shawn Kemp,1995-96,26,SEA,NBA,11.2,79,76,33.3,6.7,11.9,6.6,11.7,0.1,0.2,6.2,8.4,3.5,7.9,11.4,2.2,1.2,1.6,4.0,3.8,19.6,.561,.563,.417,.564,.742,.631,1996
278,Charles Barkley,1995-96,32,PHO,NBA,10.5,71,71,37.1,8.2,16.3,7.5,13.9,0.7,2.5,6.2,8.0,3.4,8.1,11.6,3.7,1.6,0.8,3.1,2.9,23.2,.500,.539,.280,.521,.777,.585,1996
292,Reggie Miller,1995-96,30,IND,NBA,10.3,76,76,34.5,6.6,14.0,4.4,8.6,2.2,5.4,5.7,6.6,0.5,2.3,2.8,3.3,1.0,0.2,2.5,2.3,21.1,.473,.512,.410,.552,.863,.625,1996
323,Hakeem Olajuwon,1995-96,33,HOU,NBA,9.7,72,72,38.8,10.7,20.8,10.6,20.6,0.0,0.2,5.5,7.6,2.4,8.4,10.9,3.6,1.6,2.9,3.4,3.4,26.9,.514,.517,.214,.515,.724,.558,1996
346,Mitch Richmond,1995-96,30,SAC,NBA,9.3,81,81,36.4,7.5,16.9,4.8,10.5,2.8,6.4,5.2,6.1,0.7,2.7,3.3,3.1,1.5,0.2,2.7,2.9,23.1,.447,.453,.437,.529,.866,.591,1996
440,Shaquille O'Neal,1995-96,23,ORL,NBA,6.9,54,52,36.0,11.0,19.1,10.9,19.1,0.0,0.0,4.6,9.5,3.4,7.7,11.0,2.9,0.6,2.1,2.9,3.6,26.6,.573,.573,.500,.574,.487,.570,1996
457,Juwan Howard,1995-96,22,WSB,NBA,5.6,81,81,40.7,9.0,18.5,9.0,18.4,0.0,0.2,3.9,5.3,2.3,5.8,8.1,4.4,0.8,0.5,3.7,3.3,22.1,.489,.490,.308,.490,.749,.530,1996
13,Michael Jordan,1996-97,33,CHI,NBA,18.3,82,82,37.9,11.2,23.1,9.9,19.5,1.4,3.6,5.9,7.0,1.4,4.5,5.9,4.3,1.7,0.5,2.0,1.9,29.6,.486,.507,.374,.516,.833,.567,1997
26,Karl Malone,1996-97,33,UTA,NBA,16.7,82,82,36.6,10.5,19.2,10.5,19.0,0.0,0.2,6.4,8.4,2.4,7.5,9.9,4.5,1.4,0.6,2.8,2.6,27.4,.550,.555,.000,.550,.755,.600,1997
68,Grant Hill,1996-97,24,DET,NBA,14.6,80,80,39.3,7.8,15.7,7.7,15.3,0.1,0.4,5.6,7.9,1.5,7.5,9.0,7.3,1.8,0.6,3.2,2.3,21.4,.496,.502,.303,.500,.711,.556,1997
110,John Stockton,1996-97,34,UTA,NBA,13.6,82,82,35.3,5.1,9.3,4.1,7.1,0.9,2.2,3.4,4.0,0.5,2.2,2.8,10.5,2.0,0.2,3.0,2.4,14.4,.548,.587,.422,.598,.846,.656,1997
127,Scottie Pippen,1996-97,31,CHI,NBA,13.1,82,82,37.7,7.9,16.7,6.0,11.5,1.9,5.2,2.5,3.5,2.0,4.5,6.5,5.7,1.9,0.5,2.6,2.6,20.2,.474,.522,.368,.531,.701,.554,1997
138,Tim Hardaway,1996-97,30,MIA,NBA,12.9,81,81,38.7,7.1,17.1,4.6,9.8,2.5,7.3,3.6,4.5,0.6,2.8,3.4,8.6,1.9,0.1,2.8,2.0,20.3,.415,.469,.344,.489,.799,.532,1997
143,Gary Payton,1996-97,28,SEA,NBA,12.9,82,82,39.2,8.6,18.1,7.2,13.4,1.5,4.6,3.1,4.3,1.3,3.3,4.6,7.1,2.4,0.2,2.6,2.5,21.8,.476,.533,.313,.517,.715,.545,1997
218,Anthony Mason,1996-97,30,CHH,NBA,11.4,73,73,43.1,5.9,11.3,5.9,11.3,0.0,0.0,4.4,5.9,2.5,8.8,11.4,5.7,1.0,0.5,2.3,2.8,16.2,.525,.526,.333,.525,.745,.585,1997
256,Glen Rice,1996-97,29,CHH,NBA,10.8,79,78,42.6,9.1,19.2,6.5,13.6,2.6,5.6,5.9,6.8,0.8,3.2,4.0,2.0,0.9,0.3,2.2,2.4,26.8,.477,.480,.470,.546,.867,.605,1997
257,Mitch Richmond,1996-97,31,SAC,NBA,10.8,81,81,38.6,8.9,19.5,6.3,13.6,2.5,5.9,5.6,6.6,0.7,3.2,3.9,4.2,1.5,0.3,2.9,2.6,25.9,.454,.466,.428,.519,.861,.578,1997
319,Patrick Ewing,1996-97,34,NYK,NBA,9.8,78,78,37.0,8.4,17.2,8.4,17.1,0.0,0.1,5.6,7.5,2.2,8.4,10.7,2.0,0.9,2.4,3.4,3.2,22.4,.488,.490,.222,.489,.754,.548,1997
357,Hakeem Olajuwon,1996-97,34,HOU,NBA,9.1,78,78,36.6,9.3,18.3,9.3,18.1,0.1,0.2,4.5,5.7,2.2,7.0,9.2,3.0,1.5,2.2,3.6,3.2,23.2,.510,.512,.313,.512,.787,.558,1997
393,Vin Baker,1996-97,25,MIL,NBA,8.3,78,78,40.5,8.1,16.0,7.9,15.3,0.2,0.7,4.6,6.7,3.4,6.9,10.3,2.7,1.0,1.4,3.1,3.5,21.0,.505,.515,.278,.511,.687,.553,1997
399,Anfernee Hardaway,1996-97,25,ORL,NBA,8.1,59,59,37.6,7.1,15.9,5.7,11.4,1.4,4.5,4.8,5.8,1.4,3.1,4.5,5.6,1.6,0.6,2.5,2.1,20.5,.447,.499,.318,.493,.820,.554,1997
406,Shaquille O'Neal,1996-97,24,LAL,NBA,8.0,51,51,38.1,10.8,19.4,10.8,19.4,0.0,0.1,4.5,9.4,3.8,8.7,12.5,3.1,0.9,2.9,2.9,3.5,26.2,.557,.559,.000,.557,.484,.556,1997
30,Karl Malone,1997-98,34,UTA,NBA,16.4,81,81,37.4,9.6,18.2,9.6,18.1,0.0,0.1,7.8,10.2,2.3,8.0,10.3,3.9,1.2,0.9,3.0,2.9,27.0,.530,.531,.333,.531,.761,.597,1998
42,Michael Jordan,1997-98,34,CHI,NBA,15.8,82,82,38.8,10.7,23.1,10.4,21.5,0.4,1.5,6.9,8.8,1.6,4.2,5.8,3.5,1.7,0.5,2.3,1.8,28.7,.465,.482,.238,.473,.784,.533,1998
102,David Robinson,1997-98,32,SAS,NBA,13.8,73,73,33.7,7.5,14.6,7.4,14.5,0.0,0.1,6.6,9.0,3.3,7.3,10.6,2.7,0.9,2.6,2.8,2.8,21.6,.511,.512,.250,.511,.735,.581,1998
147,Tim Duncan,1997-98,21,SAS,NBA,12.8,82,82,39.1,8.6,15.7,8.6,15.6,0.0,0.1,3.9,5.9,3.3,8.6,11.9,2.7,0.7,2.5,3.4,3.1,21.1,.549,.553,.000,.549,.662,.577,1998
166,Gary Payton,1997-98,29,SEA,NBA,12.5,82,82,38.4,7.1,15.6,5.4,10.7,1.6,4.8,3.4,4.6,0.9,3.6,4.6,8.3,2.3,0.2,2.8,2.4,19.2,.453,.505,.338,.505,.744,.544,1998
188,Reggie Miller,1997-98,32,IND,NBA,12.0,81,81,34.5,6.4,13.3,4.3,8.6,2.0,4.7,4.7,5.4,0.6,2.3,2.9,2.1,1.0,0.1,1.6,1.8,19.5,.477,.504,.429,.553,.868,.619,1998
199,Tim Hardaway,1997-98,31,MIA,NBA,11.7,81,81,37.4,6.9,16.0,5.0,10.5,1.9,5.5,3.2,4.1,0.6,3.1,3.7,8.3,1.7,0.2,2.8,2.5,18.9,.431,.472,.351,.490,.781,.530,1998
254,Dikembe Mutombo,1997-98,31,ATL,NBA,10.8,82,82,35.6,4.9,9.1,4.9,9.1,0.0,0.0,3.7,5.5,3.4,8.0,11.4,1.0,0.4,3.4,2.0,3.1,13.4,.537,.537,,.537,.670,.584,1998
284,Vin Baker,1997-98,26,SEA,NBA,10.4,82,82,35.9,7.7,14.2,7.7,14.1,0.0,0.1,3.8,6.4,3.5,4.5,8.0,1.9,1.1,1.0,2.1,3.4,19.2,.542,.545,.143,.543,.591,.564,1998
297,Grant Hill,1997-98,25,DET,NBA,10.2,81,81,40.7,7.6,16.8,7.6,16.5,0.0,0.3,5.9,8.0,1.1,6.5,7.7,6.8,1.8,0.7,3.5,2.4,21.1,.452,.457,.143,.453,.740,.520,1998
299,Shaquille O'Neal,1997-98,25,LAL,NBA,10.2,60,57,36.3,11.2,19.1,11.2,19.1,0.0,0.0,6.0,11.4,3.5,7.9,11.4,2.4,0.7,2.4,2.9,3.2,28.3,.584,.584,,.584,.527,.587,1998
345,Glen Rice,1997-98,30,CHH,NBA,9.3,82,82,40.2,7.7,16.9,6.1,13.2,1.6,3.7,5.2,6.1,1.1,3.2,4.3,2.2,0.9,0.3,2.2,2.4,22.3,.457,.464,.433,.504,.849,.568,1998
402,Rod Strickland,1997-98,31,WAS,NBA,8.1,76,76,39.7,6.4,14.9,6.3,14.2,0.2,0.6,4.7,6.5,1.5,3.9,5.3,10.5,1.7,0.3,3.5,2.4,17.8,.434,.442,.250,.439,.726,.501,1998
414,Mitch Richmond,1997-98,32,SAC,NBA,7.9,70,70,36.7,7.8,17.4,5.9,12.7,1.9,4.8,5.8,6.7,0.7,2.6,3.3,4.0,1.3,0.2,2.6,2.2,23.2,.445,.466,.389,.498,.864,.569,1998
443,Scottie Pippen,1997-98,32,CHI,NBA,6.6,44,44,37.5,7.2,16.0,5.8,11.6,1.4,4.4,3.4,4.4,1.2,4.0,5.2,5.8,1.8,1.0,2.5,2.6,19.1,.447,.496,.318,.491,.777,.533,1998
331,Karl Malone,1998-99,35,UTA,NBA,9.6,49,49,37.4,8.0,16.3,8.0,16.2,0.0,0.0,7.7,9.8,2.2,7.3,9.4,4.1,1.3,0.6,3.3,2.7,23.8,.493,.494,.000,.493,.788,.577,1999
366,Shaquille O'Neal,1998-99,26,LAL,NBA,9.0,49,49,34.8,10.4,18.1,10.4,18.0,0.0,0.0,5.5,10.2,3.8,6.9,10.7,2.3,0.7,1.7,2.5,3.2,26.3,.576,.577,.000,.576,.540,.584,1999
377,Tim Duncan,1998-99,22,SAS,NBA,8.7,50,50,39.3,8.4,16.9,8.3,16.8,0.0,0.1,4.9,7.2,3.2,8.2,11.4,2.4,0.9,2.5,2.9,2.9,21.7,.495,.498,.143,.495,.690,.541,1999
400,Jason Kidd,1998-99,25,PHO,NBA,8.1,50,50,41.2,6.2,14.0,5.3,11.5,0.9,2.5,3.6,4.8,1.7,5.0,6.8,10.8,2.3,0.4,3.0,2.2,16.9,.444,.461,.366,.476,.757,.527,1999
413,Alonzo Mourning,1998-99,28,MIA,NBA,7.9,46,46,38.1,7.0,13.8,7.0,13.7,0.0,0.0,6.0,9.2,3.6,7.4,11.0,1.6,0.7,3.9,3.0,3.5,20.1,.511,.513,.000,.511,.652,.563,1999
432,Grant Hill,1998-99,26,DET,NBA,7.3,50,50,37.0,7.7,16.0,7.7,15.8,0.0,0.3,5.7,7.6,1.3,5.8,7.1,6.0,1.6,0.5,3.7,2.3,21.1,.479,.487,.000,.479,.752,.543,1999
433,Allen Iverson,1998-99,23,PHI,NBA,7.2,48,48,41.5,9.1,22.0,7.9,17.9,1.2,4.1,7.4,9.9,1.4,3.5,4.9,4.6,2.3,0.1,3.5,2.0,26.8,.412,.440,.291,.439,.751,.508,1999
436,Gary Payton,1998-99,30,SEA,NBA,7.2,50,50,40.2,8.0,18.5,6.4,12.8,1.7,5.6,4.0,5.5,1.2,3.6,4.9,8.7,2.2,0.2,3.1,2.3,21.7,.434,.495,.295,.479,.721,.519,1999
444,Hakeem Olajuwon,1998-99,36,HOU,NBA,6.5,50,50,35.7,7.5,14.5,7.4,14.2,0.1,0.3,3.9,5.4,2.1,7.4,9.6,1.8,1.6,2.5,2.8,3.2,18.9,.514,.518,.308,.517,.717,.559,1999
447,John Stockton,1998-99,36,UTA,NBA,6.4,50,50,28.2,4.0,8.2,3.7,7.2,0.3,1.0,2.7,3.4,0.6,2.3,2.9,7.5,1.6,0.3,2.2,2.1,11.1,.488,.511,.320,.507,.811,.571,1999
458,Kevin Garnett,1998-99,22,MIN,NBA,5.4,47,47,37.9,8.8,19.1,8.7,18.9,0.1,0.3,3.1,4.4,3.5,6.9,10.4,4.3,1.7,1.8,2.9,3.2,20.8,.460,.463,.286,.462,.704,.493,1999
459,Tim Hardaway,1998-99,32,MIA,NBA,5.4,48,48,36.9,6.3,15.7,3.9,9.2,2.3,6.5,2.5,3.1,0.3,2.9,3.2,7.3,1.2,0.1,2.7,2.1,17.4,.400,.429,.360,.475,.812,.511,1999
460,Kobe Bryant,1998-99,20,LAL,NBA,5.2,50,50,37.9,7.2,15.6,6.7,13.6,0.5,2.0,4.9,5.8,1.1,4.2,5.3,3.8,1.4,1.0,3.1,3.1,19.9,.465,.494,.267,.482,.839,.549,1999
463,Antonio McDyess,1998-99,24,DEN,NBA,4.2,50,50,38.7,8.3,17.6,8.3,17.5,0.0,0.2,4.6,6.8,3.4,7.4,10.7,1.6,1.5,2.3,2.8,3.5,21.2,.471,.474,.111,.471,.680,.515,1999
464,Chris Webber,1998-99,25,SAC,NBA,3.6,42,42,40.9,9.0,18.5,8.9,17.7,0.1,0.8,1.9,4.1,3.5,9.4,13.0,4.1,1.4,2.1,3.5,3.5,20.0,.486,.503,.118,.488,.454,.491,1999
10,Shaquille O'Neal,1999-00,27,LAL,NBA,18.6,79,79,40.0,12.1,21.1,12.1,21.1,0.0,0.0,5.5,10.4,4.3,9.4,13.6,3.8,0.5,3.0,2.8,3.2,29.7,.574,.575,.000,.574,.524,.578,2000
55,Karl Malone,1999-00,36,UTA,NBA,15.3,82,82,35.9,9.2,18.0,9.1,17.9,0.0,0.1,7.2,9.0,2.1,7.4,9.5,3.7,1.0,0.9,2.8,2.8,25.5,.509,.511,.250,.510,.797,.582,2000
95,Gary Payton,1999-00,31,SEA,NBA,13.9,82,82,41.8,9.1,20.3,7.0,14.0,2.2,6.3,3.8,5.2,1.2,5.2,6.5,8.9,1.9,0.2,2.7,2.2,24.2,.448,.497,.340,.502,.735,.535,2000
131,Tim Duncan,1999-00,23,SAS,NBA,13.0,74,74,38.9,8.5,17.3,8.5,17.2,0.0,0.1,6.2,8.1,3.5,8.9,12.4,3.2,0.9,2.2,3.3,2.8,23.2,.490,.494,.091,.491,.761,.555,2000
141,Alonzo Mourning,1999-00,29,MIA,NBA,12.9,79,78,34.8,8.3,15.0,8.3,14.9,0.0,0.1,5.2,7.4,2.7,6.8,9.5,1.6,0.5,3.7,2.7,3.9,21.7,.551,.553,.000,.551,.711,.596,2000
159,David Robinson,1999-00,34,SAS,NBA,12.7,80,80,32.0,6.6,12.9,6.6,12.9,0.0,0.0,4.6,6.4,2.4,7.2,9.6,1.8,1.2,2.3,2.1,3.1,17.8,.512,.513,.000,.512,.726,.568,2000
191,Vince Carter,1999-00,23,TOR,NBA,11.8,82,82,38.1,9.6,20.7,8.5,17.8,1.2,2.9,5.3,6.7,1.8,4.0,5.8,3.9,1.3,1.1,2.2,3.2,25.7,.465,.475,.403,.493,.791,.543,2000
204,Kevin Garnett,1999-00,23,MIN,NBA,11.6,81,81,40.0,9.4,18.8,9.0,17.8,0.4,1.0,3.8,5.0,2.8,9.0,11.8,5.0,1.5,1.6,3.3,2.5,22.9,.497,.504,.370,.507,.765,.545,2000
262,Grant Hill,1999-00,27,DET,NBA,10.7,74,74,37.5,9.4,19.2,8.9,17.9,0.5,1.3,6.5,8.2,1.3,5.3,6.6,5.2,1.4,0.6,3.2,2.6,25.8,.489,.500,.347,.501,.795,.565,2000
265,Chris Webber,1999-00,26,SAC,NBA,10.7,75,75,38.4,10.0,20.6,9.6,19.4,0.4,1.3,4.1,5.5,2.5,8.0,10.5,4.6,1.6,1.7,2.9,3.5,24.5,.483,.496,.284,.492,.751,.530,2000
267,Kobe Bryant,1999-00,21,LAL,NBA,10.6,66,62,38.2,8.4,17.9,7.7,15.7,0.7,2.2,5.0,6.1,1.6,4.7,6.3,4.9,1.6,0.9,2.8,3.3,22.5,.468,.489,.319,.488,.821,.546,2000
305,Eddie Jones,1999-00,28,CHH,NBA,10.1,72,72,39.0,6.6,15.5,4.9,10.8,1.8,4.7,5.0,5.8,1.1,3.6,4.8,4.2,2.7,0.7,2.2,2.4,20.1,.427,.450,.375,.484,.864,.555,2000
387,Jason Kidd,1999-00,26,PHO,NBA,8.5,67,67,39.0,5.2,12.8,4.4,10.3,0.8,2.5,3.0,3.7,1.4,5.8,7.2,10.1,2.0,0.4,3.4,2.2,14.3,.409,.427,.337,.442,.829,.498,2000
428,Stephon Marbury,1999-00,22,NJN,NBA,7.4,74,74,38.9,7.7,17.8,6.8,14.6,0.9,3.1,5.9,7.2,0.8,2.4,3.2,8.4,1.5,0.2,3.6,2.6,22.2,.432,.464,.283,.457,.813,.528,2000
439,Allen Iverson,1999-00,24,PHI,NBA,6.9,70,70,40.8,10.4,24.8,9.1,21.0,1.3,3.7,6.3,8.9,1.0,2.8,3.8,4.7,2.1,0.1,3.3,2.3,28.4,.421,.435,.341,.446,.713,.496,2000
64,Shaquille O'Neal,2000-01,28,LAL,NBA,14.9,74,74,39.5,11.0,19.2,11.0,19.2,0.0,0.0,6.7,13.1,3.9,8.8,12.7,3.7,0.6,2.8,2.9,3.5,28.7,.572,.573,.000,.572,.513,.574,2001
70,Dirk Nowitzki,2000-01,22,DAL,NBA,14.6,82,82,38.1,7.2,15.2,5.4,10.5,1.8,4.8,5.5,6.6,1.5,7.7,9.2,2.1,1.0,1.2,1.9,3.0,21.8,.474,.513,.387,.534,.838,.601,2001
103,Ray Allen,2000-01,25,MIL,NBA,13.7,82,82,38.2,7.7,16.0,5.2,10.3,2.5,5.7,4.2,4.8,1.2,4.0,5.2,4.6,1.5,0.2,2.5,2.3,22.0,.480,.506,.433,.557,.888,.610,2001
119,Tim Duncan,2000-01,24,SAS,NBA,13.2,82,82,38.7,8.6,17.1,8.5,16.8,0.1,0.3,5.0,8.1,3.2,9.0,12.2,3.0,0.9,2.3,3.0,3.0,22.2,.499,.504,.259,.502,.618,.536,2001
126,Karl Malone,2000-01,37,UTA,NBA,13.1,81,81,35.7,8.3,16.6,8.2,16.5,0.0,0.1,6.6,8.3,1.4,6.9,8.3,4.5,1.1,0.8,3.0,2.7,23.2,.498,.499,.400,.499,.793,.572,2001
136,Vince Carter,2000-01,24,TOR,NBA,12.9,75,75,39.7,10.2,22.1,8.0,16.8,2.2,5.3,5.1,6.7,2.3,3.2,5.5,3.9,1.5,1.1,2.2,2.7,27.6,.460,.477,.408,.509,.765,.551,2001
179,Tracy McGrady,2000-01,21,ORL,NBA,12.2,77,77,40.1,10.2,22.4,9.5,20.2,0.8,2.2,5.6,7.6,2.5,5.0,7.5,4.6,1.5,1.5,2.6,2.1,26.8,.457,.468,.355,.474,.733,.521,2001
184,David Robinson,2000-01,35,SAS,NBA,12.1,80,80,29.6,5.0,10.3,5.0,10.3,0.0,0.0,4.4,5.9,2.6,6.0,8.6,1.5,1.0,2.5,1.5,2.7,14.4,.486,.487,.000,.486,.747,.559,2001
192,Kevin Garnett,2000-01,24,MIN,NBA,11.8,81,81,39.5,8.7,18.2,8.5,17.4,0.2,0.8,4.4,5.8,2.7,8.7,11.4,5.0,1.4,1.8,2.8,2.5,22.0,.477,.486,.288,.484,.764,.531,2001
193,Allen Iverson,2000-01,25,PHI,NBA,11.8,71,71,42.0,10.7,25.5,9.4,21.2,1.4,4.3,8.2,10.1,0.7,3.1,3.8,4.6,2.5,0.3,3.3,2.1,31.1,.420,.441,.320,.447,.814,.518,2001
222,Kobe Bryant,2000-01,22,LAL,NBA,11.3,68,68,40.9,10.3,22.2,9.4,19.3,0.9,2.9,7.0,8.2,1.5,4.3,5.9,5.0,1.7,0.6,3.2,3.3,28.5,.464,.489,.305,.484,.853,.552,2001
242,Chris Webber,2000-01,27,SAC,NBA,11.0,70,70,40.5,11.2,23.4,11.2,23.0,0.0,0.4,4.6,6.6,2.6,8.5,11.1,4.2,1.3,1.7,2.8,3.2,27.1,.481,.488,.071,.481,.703,.516,2001
255,Gary Payton,2000-01,32,SEA,NBA,10.8,79,79,41.1,9.2,20.1,7.9,16.7,1.3,3.4,3.4,4.5,0.9,3.6,4.6,8.1,1.6,0.3,2.6,2.3,23.1,.456,.472,.375,.488,.766,.522,2001
329,Jason Kidd,2000-01,27,PHO,NBA,9.6,77,76,39.8,5.9,14.2,5.0,11.2,0.9,3.0,4.3,5.2,1.2,5.2,6.4,9.8,2.2,0.3,3.7,2.2,16.9,.411,.442,.297,.443,.814,.510,2001
401,Dikembe Mutombo,2000-01,34,TOT,NBA,8.1,75,75,34.5,3.6,7.4,3.6,7.4,0.0,0.0,2.8,3.9,4.1,9.4,13.5,1.0,0.4,2.7,1.9,2.7,10.0,.484,.484,,.484,.725,.547,2001
17,Tim Duncan,2001-02,25,SAS,NBA,17.8,82,82,40.6,9.3,18.3,9.3,18.2,0.0,0.1,6.8,8.5,3.3,9.4,12.7,3.7,0.7,2.5,3.2,2.6,25.5,.508,.511,.100,.508,.799,.576,2002
117,Dirk Nowitzki,2001-02,23,DAL,NBA,13.4,76,76,38.0,7.9,16.6,6.1,11.9,1.8,4.6,5.8,6.8,1.6,8.4,9.9,2.4,1.1,1.0,1.9,2.9,23.4,.477,.508,.397,.532,.853,.599,2002
122,Shaquille O'Neal,2001-02,29,LAL,NBA,13.2,67,66,36.1,10.6,18.3,10.6,18.3,0.0,0.0,5.9,10.7,3.5,7.2,10.7,3.0,0.6,2.0,2.6,3.0,27.2,.579,.580,.000,.579,.555,.590,2002
144,Paul Pierce,2001-02,24,BOS,NBA,12.9,82,82,40.3,8.6,19.5,6.1,13.1,2.6,6.3,6.3,7.8,1.0,5.9,6.9,3.2,1.9,1.0,2.9,2.9,26.1,.442,.461,.404,.508,.809,.570,2002
148,Kevin Garnett,2001-02,25,MIN,NBA,12.8,81,81,39.2,8.1,17.3,7.7,15.9,0.5,1.4,4.4,5.5,3.0,9.1,12.1,5.2,1.2,1.6,2.8,2.3,21.2,.470,.484,.319,.484,.801,.536,2002
153,Kobe Bryant,2001-02,23,LAL,NBA,12.7,80,80,38.3,9.4,20.0,9.0,18.3,0.4,1.7,6.1,7.4,1.4,4.1,5.5,5.5,1.5,0.4,2.8,2.9,25.2,.469,.489,.250,.479,.829,.544,2002
163,Gary Payton,2001-02,33,SEA,NBA,12.6,82,82,40.3,9.0,19.2,8.1,16.4,0.9,2.9,3.3,4.1,1.0,3.9,4.8,9.0,1.6,0.3,2.5,2.2,22.1,.467,.494,.314,.490,.797,.526,2002
208,Ben Wallace,2001-02,27,DET,NBA,11.6,80,80,36.5,3.2,6.0,3.2,6.0,0.0,0.0,1.2,2.9,4.0,9.0,13.0,1.4,1.7,3.5,0.9,2.2,7.6,.531,.535,.000,.531,.423,.522,2002
214,Tracy McGrady,2001-02,22,ORL,NBA,11.5,76,76,38.3,9.4,20.9,8.1,17.1,1.4,3.7,5.5,7.3,2.0,5.9,7.9,5.3,1.6,1.0,2.5,1.8,25.6,.451,.470,.364,.483,.748,.532,2002
316,Steve Nash,2001-02,27,DAL,NBA,9.9,82,82,34.6,6.4,13.3,4.5,9.1,1.9,4.2,3.2,3.6,0.6,2.5,3.1,7.7,0.6,0.0,2.8,2.0,17.9,.483,.495,.455,.554,.887,.602,2002
333,Dikembe Mutombo,2001-02,35,PHI,NBA,9.6,80,80,36.3,4.0,8.0,4.0,8.0,0.0,0.0,3.5,4.6,3.2,7.6,10.8,1.0,0.4,2.4,2.0,3.0,11.5,.501,.501,,.501,.764,.574,2002
370,Jason Kidd,2001-02,28,NJN,NBA,8.9,82,82,37.3,5.4,13.9,4.0,9.4,1.4,4.4,2.5,3.0,1.6,5.7,7.3,9.9,2.1,0.2,3.5,1.7,14.7,.391,.424,.321,.442,.814,.484,2002
386,Chris Webber,2001-02,28,SAC,NBA,8.6,54,54,38.4,9.9,19.9,9.8,19.6,0.1,0.4,4.7,6.3,2.8,7.3,10.1,4.8,1.7,1.4,2.9,3.4,24.5,.495,.499,.263,.497,.749,.540,2002
438,Allen Iverson,2001-02,26,PHI,NBA,6.9,60,59,43.7,11.1,27.8,9.8,23.4,1.3,4.5,7.9,9.8,0.7,3.8,4.5,5.5,2.8,0.2,4.0,1.7,31.4,.398,.419,.291,.422,.812,.489,2002
445,Jermaine O'Neal,2001-02,23,IND,NBA,6.4,72,72,37.6,7.5,15.7,7.5,15.5,0.0,0.2,3.9,5.7,2.6,7.9,10.5,1.6,0.6,2.3,2.4,3.7,19.0,.479,.484,.071,.480,.688,.521,2002
27,Tim Duncan,2002-03,26,SAS,NBA,16.5,81,81,39.3,8.8,17.2,8.7,16.9,0.1,0.3,5.6,7.8,3.2,9.7,12.9,3.9,0.7,2.9,3.1,2.9,23.3,.513,.517,.273,.515,.710,.564,2003
37,Tracy McGrady,2002-03,23,ORL,NBA,16.1,75,74,39.4,11.1,24.2,8.7,18.2,2.3,6.0,7.7,9.7,1.6,4.9,6.5,5.5,1.7,0.8,2.6,2.1,32.1,.457,.481,.386,.505,.793,.564,2003
38,Dirk Nowitzki,2002-03,24,DAL,NBA,16.1,80,80,39.0,8.6,18.6,6.8,13.7,1.9,4.9,6.0,6.9,1.0,8.9,9.9,3.0,1.4,1.0,1.9,2.6,25.1,.463,.493,.379,.513,.881,.581,2003
45,Kevin Garnett,2002-03,26,MIN,NBA,15.6,82,82,40.5,9.1,18.1,8.8,17.2,0.2,0.9,4.6,6.1,3.0,10.5,13.4,6.0,1.4,1.6,2.8,2.4,23.0,.502,.513,.282,.508,.751,.553,2003
63,Kobe Bryant,2002-03,24,LAL,NBA,14.9,82,82,41.5,10.6,23.5,9.1,19.5,1.5,4.0,7.3,8.7,1.3,5.6,6.9,5.9,2.2,0.8,3.5,2.7,30.0,.451,.465,.383,.483,.843,.550,2003
121,Shaquille O'Neal,2002-03,30,LAL,NBA,13.2,67,66,37.8,10.4,18.1,10.4,18.1,0.0,0.0,6.7,10.8,3.9,7.2,11.1,3.1,0.6,2.4,2.9,3.4,27.5,.574,.574,,.574,.622,.602,2003
207,Steve Nash,2002-03,28,DAL,NBA,11.6,82,82,33.1,6.3,13.6,5.0,10.3,1.4,3.3,3.8,4.1,0.8,2.1,2.9,7.3,1.0,0.1,2.3,1.6,17.7,.465,.482,.413,.515,.909,.576,2003
223,Jason Kidd,2002-03,29,NJN,NBA,11.3,80,80,37.4,6.4,15.6,4.9,10.9,1.6,4.6,4.2,5.0,1.4,4.9,6.3,8.9,2.2,0.3,3.7,1.6,18.7,.414,.445,.341,.465,.841,.526,2003
275,Ben Wallace,2002-03,28,DET,NBA,10.6,73,73,39.4,2.9,6.0,2.9,5.9,0.0,0.1,1.2,2.6,4.0,11.4,15.4,1.6,1.4,3.2,1.2,2.5,6.9,.481,.485,.167,.482,.450,.486,2003
280,Jermaine O'Neal,2002-03,24,IND,NBA,10.5,77,76,37.2,7.9,16.4,7.8,16.1,0.1,0.3,4.8,6.6,2.6,7.7,10.3,2.0,0.9,2.3,2.3,3.6,20.8,.484,.487,.333,.487,.731,.539,2003
306,Paul Pierce,2002-03,25,BOS,NBA,10.1,79,79,39.2,8.4,20.2,6.9,15.2,1.5,4.9,7.6,9.5,1.3,6.0,7.3,4.4,1.8,0.8,3.6,2.9,25.9,.416,.454,.302,.454,.802,.532,2003
332,Stephon Marbury,2002-03,25,PHO,NBA,9.6,81,81,40.0,8.3,18.9,7.2,15.2,1.1,3.7,4.6,5.8,0.7,2.6,3.2,8.1,1.3,0.2,3.2,2.5,22.3,.439,.472,.301,.468,.803,.520,2003
351,Allen Iverson,2002-03,27,PHI,NBA,9.2,82,82,42.5,9.8,23.7,8.8,20.0,1.0,3.7,7.0,9.0,0.8,3.4,4.2,5.5,2.7,0.2,3.5,1.8,27.6,.414,.440,.277,.436,.774,.500,2003
364,Jamal Mashburn,2002-03,30,NOH,NBA,9.0,82,81,40.5,8.2,19.3,6.7,15.6,1.5,3.7,3.8,4.5,0.8,5.3,6.1,5.6,1.0,0.2,2.8,2.4,21.6,.422,.430,.389,.460,.848,.507,2003
441,Chris Webber,2002-03,29,SAC,NBA,6.9,67,67,39.1,9.9,21.4,9.8,21.1,0.1,0.3,3.2,5.3,2.4,8.1,10.5,5.4,1.6,1.3,3.2,3.0,23.0,.461,.465,.238,.463,.607,.485,2003
12,Kevin Garnett,2003-04,27,MIN,NBA,18.3,82,82,39.4,9.8,19.6,9.7,19.1,0.1,0.5,4.5,5.7,3.0,10.9,13.9,5.0,1.5,2.2,2.6,2.5,24.2,.499,.506,.256,.502,.791,.547,2004
113,Peja Stojaković,2003-04,26,SAC,NBA,13.5,81,81,40.3,8.2,17.1,5.2,10.3,3.0,6.8,4.9,5.2,1.1,5.1,6.3,2.1,1.3,0.2,1.9,2.0,24.2,.480,.511,.433,.566,.927,.624,2004
125,Tim Duncan,2003-04,27,SAS,NBA,13.1,69,68,36.6,8.6,17.1,8.6,16.9,0.0,0.2,5.1,8.5,3.3,9.2,12.4,3.1,0.9,2.7,2.7,2.4,22.3,.501,.505,.167,.502,.599,.534,2004
182,Sam Cassell,2003-04,34,MIN,NBA,12.1,81,81,35.0,7.7,15.7,6.7,13.4,0.9,2.3,3.6,4.1,0.5,2.8,3.3,7.3,1.3,0.2,2.7,3.0,19.8,.488,.504,.398,.517,.873,.566,2004
215,Dirk Nowitzki,2003-04,25,DAL,NBA,11.5,77,77,37.9,7.9,17.0,6.6,13.2,1.3,3.8,4.8,5.5,1.2,7.5,8.7,2.7,1.2,1.4,1.8,2.8,21.8,.462,.496,.341,.500,.877,.561,2004
220,Yao Ming,2003-04,23,HOU,NBA,11.4,82,82,32.8,6.5,12.5,6.5,12.5,0.0,0.0,4.4,5.4,2.4,6.6,9.0,1.5,0.3,1.9,2.5,3.3,17.5,.522,.523,.000,.522,.809,.586,2004
259,Kobe Bryant,2003-04,25,LAL,NBA,10.7,65,64,37.6,7.9,18.1,6.8,14.8,1.1,3.3,7.0,8.2,1.6,3.9,5.5,5.1,1.7,0.4,2.6,2.7,24.0,.438,.463,.327,.468,.852,.551,2004
300,Ben Wallace,2003-04,29,DET,NBA,10.2,81,81,37.7,3.9,9.2,3.9,9.1,0.0,0.1,1.8,3.6,4.0,8.4,12.4,1.7,1.8,3.0,1.5,2.0,9.5,.421,.424,.125,.422,.490,.441,2004
318,Shaquille O'Neal,2003-04,31,LAL,NBA,9.9,67,67,36.8,8.3,14.1,8.3,14.1,0.0,0.0,4.9,10.1,3.7,7.8,11.5,2.9,0.5,2.5,2.9,3.4,21.5,.584,.584,,.584,.490,.578,2004
324,Michael Redd,2003-04,24,MIL,NBA,9.7,82,82,36.8,7.7,17.5,6.2,13.1,1.5,4.4,4.7,5.4,1.4,3.5,5.0,2.3,1.0,0.1,1.4,1.9,21.7,.440,.470,.350,.484,.868,.544,2004
365,Jermaine O'Neal,2003-04,25,IND,NBA,9.0,78,78,35.7,7.8,17.9,7.8,17.7,0.0,0.2,4.5,5.9,2.5,7.5,10.0,2.1,0.8,2.6,2.3,3.2,20.1,.434,.438,.111,.435,.757,.489,2004
390,Tracy McGrady,2003-04,24,ORL,NBA,8.4,67,67,39.9,9.7,23.4,7.1,15.7,2.6,7.7,5.9,7.5,1.4,4.6,6.0,5.5,1.4,0.6,2.7,1.9,28.0,.417,.455,.339,.473,.796,.526,2004
411,Metta World Peace,2003-04,24,IND,NBA,8.0,73,71,37.2,6.4,15.2,5.4,11.9,1.0,3.3,4.4,6.0,1.4,3.9,5.3,3.7,2.1,0.7,2.8,2.7,18.3,.421,.452,.310,.455,.733,.511,2004
425,Baron Davis,2003-04,24,NOH,NBA,7.5,67,66,40.1,8.3,20.9,5.5,12.2,2.8,8.7,3.5,5.3,1.0,3.3,4.3,7.5,2.4,0.4,3.2,2.7,22.9,.395,.448,.321,.462,.673,.492,2004
435,Jason Kidd,2003-04,30,NJN,NBA,7.2,67,66,36.6,5.5,14.3,4.1,9.9,1.4,4.4,3.1,3.7,1.3,5.1,6.4,9.2,1.8,0.2,3.2,1.6,15.5,.384,.411,.321,.433,.827,.485,2004
35,Kevin Garnett,2004-05,28,MIN,NBA,16.1,82,82,38.1,8.3,16.6,8.3,16.3,0.1,0.3,5.4,6.7,3.0,10.5,13.5,5.7,1.5,1.4,2.7,2.5,22.2,.502,.507,.240,.504,.811,.567,2005
47,Dirk Nowitzki,2004-05,26,DAL,NBA,15.6,78,78,38.7,8.5,18.5,7.3,15.6,1.2,2.9,7.9,9.1,1.2,8.5,9.7,3.1,1.2,1.5,2.3,2.8,26.1,.459,.470,.399,.490,.869,.578,2005
72,Amar'e Stoudemire,2004-05,22,PHO,NBA,14.6,80,80,36.1,9.3,16.7,9.3,16.5,0.0,0.2,7.3,9.9,2.7,6.2,8.9,1.6,1.0,1.6,2.4,3.5,26.0,.559,.564,.188,.560,.733,.617,2005
83,LeBron James,2004-05,20,CLE,NBA,14.3,80,80,42.4,9.9,21.1,8.6,17.2,1.4,3.9,6.0,8.0,1.4,6.0,7.4,7.2,2.2,0.7,3.3,1.8,27.2,.472,.499,.351,.504,.750,.554,2005
165,Shawn Marion,2004-05,26,PHO,NBA,12.5,81,81,38.8,7.6,15.9,6.2,11.7,1.4,4.2,2.8,3.4,2.9,8.4,11.3,1.9,2.0,1.5,1.5,2.5,19.4,.476,.526,.334,.520,.833,.556,2005
187,Tracy McGrady,2004-05,25,HOU,NBA,12.0,78,78,40.8,9.2,21.3,7.3,15.7,1.8,5.6,5.5,7.1,0.9,5.3,6.2,5.7,1.7,0.7,2.6,2.1,25.7,.431,.468,.326,.473,.774,.526,2005
210,Gilbert Arenas,2004-05,23,WAS,NBA,11.5,80,80,40.9,8.2,19.0,5.6,12.0,2.6,7.0,6.5,8.0,1.0,3.7,4.7,5.1,1.7,0.3,3.0,3.1,25.5,.431,.469,.365,.498,.814,.565,2005
227,Tim Duncan,2004-05,28,SAS,NBA,11.2,66,66,33.4,7.8,15.8,7.8,15.7,0.0,0.1,4.6,6.9,3.1,8.0,11.1,2.7,0.7,2.6,1.9,2.2,20.3,.496,.498,.333,.498,.670,.540,2005
240,Shaquille O'Neal,2004-05,32,MIA,NBA,11.0,73,73,34.1,9.0,15.0,9.0,15.0,0.0,0.0,4.8,10.5,3.5,6.9,10.4,2.7,0.5,2.3,2.8,3.6,22.9,.601,.601,,.601,.461,.583,2005
241,Dwyane Wade,2004-05,23,MIA,NBA,11.0,77,77,38.6,8.2,17.1,8.0,16.5,0.2,0.6,7.5,9.9,1.4,3.7,5.2,6.8,1.6,1.1,4.2,3.0,24.1,.478,.485,.289,.483,.762,.561,2005
247,Steve Nash,2004-05,30,PHO,NBA,10.9,75,75,34.3,5.7,11.4,4.5,8.5,1.3,2.9,2.8,3.2,0.8,2.6,3.3,11.5,1.0,0.1,3.3,1.8,15.5,.502,.526,.431,.557,.887,.606,2005
258,Ray Allen,2004-05,29,SEA,NBA,10.7,78,78,39.3,8.2,19.2,5.5,12.0,2.7,7.1,4.8,5.5,1.0,3.4,4.4,3.7,1.1,0.1,2.2,2.1,23.9,.428,.459,.376,.498,.883,.555,2005
363,Allen Iverson,2004-05,29,PHI,NBA,9.0,75,75,42.3,10.3,24.2,8.9,19.7,1.4,4.5,8.7,10.5,0.7,3.3,4.0,7.9,2.4,0.1,4.6,1.9,30.7,.424,.451,.308,.453,.835,.532,2005
388,Ben Wallace,2004-05,30,DET,NBA,8.5,74,74,36.1,4.0,8.8,4.0,8.7,0.0,0.1,1.8,4.1,3.9,8.2,12.2,1.7,1.4,2.4,1.1,2.1,9.7,.453,.458,.111,.454,.428,.459,2005
398,Kobe Bryant,2004-05,26,LAL,NBA,8.1,66,66,40.7,8.7,20.1,6.7,14.2,2.0,5.9,8.2,10.1,1.4,4.5,5.9,6.0,1.3,0.8,4.1,2.6,27.6,.433,.472,.339,.482,.816,.563,2005
20,Dirk Nowitzki,2005-06,27,DAL,NBA,17.7,81,81,38.1,9.3,19.3,7.9,16.0,1.4,3.3,6.7,7.4,1.4,7.6,9.0,2.8,0.7,1.0,1.9,2.0,26.6,.480,.496,.406,.515,.901,.589,2006
31,LeBron James,2005-06,21,CLE,NBA,16.3,79,79,42.5,11.1,23.1,9.5,18.3,1.6,4.8,7.6,10.3,0.9,6.1,7.0,6.6,1.6,0.8,3.3,2.3,31.4,.480,.518,.335,.515,.738,.568,2006
49,Chauncey Billups,2005-06,29,DET,NBA,15.5,81,81,36.1,5.2,12.5,3.0,7.2,2.3,5.2,5.7,6.4,0.5,2.6,3.1,8.6,0.9,0.1,2.1,2.0,18.5,.418,.407,.433,.509,.894,.602,2006
54,Kobe Bryant,2005-06,27,LAL,NBA,15.3,80,80,41.0,12.2,27.2,10.0,20.7,2.3,6.5,8.7,10.2,0.9,4.4,5.3,4.5,1.8,0.4,3.1,2.9,35.4,.450,.482,.347,.491,.850,.559,2006
65,Elton Brand,2005-06,26,LAC,NBA,14.8,79,79,39.2,9.6,18.2,9.6,18.1,0.0,0.0,5.6,7.2,3.0,7.0,10.0,2.6,1.0,2.5,2.2,2.9,24.7,.527,.527,.333,.527,.775,.580,2006
69,Shawn Marion,2005-06,27,PHO,NBA,14.6,81,81,40.3,8.8,16.9,7.7,13.3,1.2,3.6,3.0,3.7,3.1,8.8,11.8,1.8,2.0,1.7,1.5,2.8,21.8,.525,.577,.331,.560,.809,.591,2006
81,Dwyane Wade,2005-06,24,MIA,NBA,14.4,75,75,38.6,9.3,18.8,9.1,17.8,0.2,1.0,8.4,10.7,1.4,4.3,5.7,6.7,1.9,0.8,3.6,2.9,27.2,.495,.513,.171,.499,.783,.577,2006
107,Gilbert Arenas,2005-06,24,WAS,NBA,13.6,80,80,42.3,9.3,20.9,6.8,14.1,2.5,6.8,8.2,10.0,0.7,2.8,3.5,6.1,2.0,0.3,3.7,3.6,29.3,.447,.485,.369,.507,.820,.581,2006
170,Steve Nash,2005-06,31,PHO,NBA,12.4,79,79,35.4,6.8,13.4,4.9,9.0,1.9,4.3,3.3,3.5,0.6,3.6,4.2,10.5,0.8,0.2,3.5,1.5,18.8,.512,.548,.439,.583,.921,.632,2006
250,Tim Duncan,2005-06,29,SAS,NBA,10.8,80,80,34.8,7.2,14.8,7.2,14.8,0.0,0.1,4.2,6.7,2.9,8.1,11.0,3.2,0.9,2.0,2.5,2.7,18.6,.484,.485,.400,.485,.629,.523,2006
270,Allen Iverson,2005-06,30,PHI,NBA,10.6,72,72,43.1,11.3,25.3,10.3,22.2,1.0,3.1,9.4,11.5,0.6,2.6,3.2,7.4,1.9,0.1,3.4,1.7,33.0,.447,.465,.323,.467,.814,.543,2006
307,Ben Wallace,2005-06,31,DET,NBA,10.1,82,82,35.2,2.9,5.7,2.9,5.6,0.0,0.0,1.5,3.6,3.7,7.6,11.3,1.9,1.8,2.2,1.1,2.0,7.3,.510,.514,.000,.510,.416,.501,2006
340,Carmelo Anthony,2005-06,21,DEN,NBA,9.4,80,80,36.8,9.5,19.7,9.0,17.8,0.5,1.9,7.2,8.9,1.5,3.4,4.9,2.7,1.1,0.5,2.7,2.9,26.5,.481,.506,.243,.493,.808,.563,2006
382,Yao Ming,2005-06,25,HOU,NBA,8.6,57,57,34.2,8.2,15.8,8.2,15.8,0.0,0.0,5.9,6.9,2.6,7.6,10.2,1.5,0.5,1.6,2.6,3.4,22.3,.519,.519,.000,.519,.853,.592,2006
451,Shaquille O'Neal,2005-06,33,MIA,NBA,6.2,59,58,30.6,8.1,13.6,8.1,13.6,0.0,0.0,3.7,8.0,2.9,6.3,9.2,1.9,0.4,1.8,2.8,3.9,20.0,.600,.600,,.600,.469,.586,2006
32,Dirk Nowitzki,2006-07,28,DAL,NBA,16.3,78,78,36.2,8.6,17.2,7.7,15.0,0.9,2.2,6.4,7.1,1.6,7.3,8.9,3.4,0.7,0.8,2.1,2.2,24.6,.502,.515,.416,.529,.904,.605,2007
105,LeBron James,2006-07,22,CLE,NBA,13.7,78,78,40.9,9.9,20.8,8.6,16.8,1.3,4.0,6.3,9.0,1.1,5.7,6.7,6.0,1.6,0.7,3.2,2.2,27.3,.476,.513,.319,.507,.698,.552,2007
130,Kobe Bryant,2006-07,28,LAL,NBA,13.0,77,77,40.8,10.6,22.8,8.8,17.6,1.8,5.2,8.7,10.0,1.0,4.7,5.7,5.4,1.4,0.5,3.3,2.7,31.6,.463,.497,.344,.502,.868,.580,2007
132,Tim Duncan,2006-07,30,SAS,NBA,13.0,80,80,34.1,7.7,14.1,7.7,14.0,0.0,0.1,4.5,7.1,2.7,7.9,10.6,3.4,0.8,2.4,2.8,2.5,20.0,.546,.550,.111,.547,.637,.579,2007
162,Steve Nash,2006-07,32,PHO,NBA,12.6,76,76,35.3,6.8,12.8,4.8,8.3,2.1,4.5,2.9,3.3,0.4,3.1,3.5,11.6,0.8,0.1,3.8,1.5,18.6,.532,.575,.455,.613,.899,.654,2007
217,Chauncey Billups,2006-07,30,DET,NBA,11.4,70,70,36.2,5.0,11.6,3.4,7.1,1.6,4.5,5.5,6.2,0.3,3.1,3.4,7.2,1.2,0.2,2.0,2.3,17.0,.427,.479,.345,.494,.883,.591,2007
232,Amar'e Stoudemire,2006-07,24,PHO,NBA,11.2,82,78,32.8,7.4,12.9,7.4,12.8,0.0,0.0,5.6,7.1,2.7,6.9,9.6,1.0,1.0,1.3,2.8,3.6,20.4,.575,.577,.000,.575,.781,.637,2007
249,Gilbert Arenas,2006-07,25,WAS,NBA,10.8,74,73,39.8,8.7,20.9,6.0,13.0,2.8,7.9,8.2,9.7,0.8,3.7,4.6,6.0,1.9,0.2,3.2,3.4,28.4,.418,.459,.351,.484,.844,.565,2007
260,Kevin Garnett,2006-07,30,MIN,NBA,10.7,76,76,39.4,8.4,17.6,8.2,16.9,0.2,0.7,5.5,6.6,2.4,10.4,12.8,4.1,1.2,1.7,2.7,2.4,22.4,.476,.487,.214,.480,.835,.546,2007
322,Dwight Howard,2006-07,21,ORL,NBA,9.7,82,82,36.9,6.4,10.6,6.4,10.6,0.0,0.0,4.8,8.1,3.5,8.8,12.3,1.9,0.9,1.9,3.9,3.0,17.6,.603,.603,.500,.603,.586,.619,2007
325,Chris Bosh,2006-07,22,TOR,NBA,9.6,69,69,38.5,7.9,15.9,7.7,15.3,0.2,0.5,6.7,8.6,2.7,8.0,10.7,2.5,0.6,1.3,2.6,2.4,22.6,.496,.501,.343,.502,.785,.577,2007
373,Dwyane Wade,2006-07,25,MIA,NBA,8.8,51,50,37.9,9.3,18.9,8.8,17.3,0.4,1.5,8.5,10.5,1.0,3.7,4.7,7.5,2.1,1.2,4.2,2.3,27.4,.491,.511,.266,.502,.807,.583,2007
381,Tracy McGrady,2006-07,27,HOU,NBA,8.6,71,71,35.8,9.0,20.8,7.2,15.5,1.8,5.4,4.9,6.9,0.8,4.5,5.3,6.5,1.3,0.5,3.0,1.9,24.6,.431,.466,.331,.474,.707,.515,2007
429,Yao Ming,2006-07,26,HOU,NBA,7.4,48,48,33.8,8.8,17.1,8.8,17.0,0.0,0.0,7.4,8.6,2.1,7.3,9.4,2.0,0.4,2.0,3.5,3.3,25.0,.516,.518,.000,.516,.862,.601,2007
431,Carmelo Anthony,2006-07,22,DEN,NBA,7.3,65,65,38.2,10.6,22.4,10.0,20.1,0.6,2.3,7.1,8.7,2.2,3.8,6.0,3.8,1.2,0.4,3.6,3.1,28.9,.476,.499,.268,.489,.808,.552,2007
18,Chris Paul,2007-08,22,NOH,NBA,17.8,80,80,37.6,7.9,16.1,6.7,13.0,1.2,3.1,4.2,4.9,0.8,3.2,4.0,11.6,2.7,0.1,2.5,2.3,21.1,.488,.516,.369,.524,.851,.576,2008
57,LeBron James,2007-08,23,CLE,NBA,15.2,75,74,40.4,10.6,21.9,9.1,17.1,1.5,4.8,7.3,10.3,1.8,6.1,7.9,7.2,1.8,1.1,3.4,2.2,30.0,.484,.531,.315,.518,.712,.568,2008
71,Amar'e Stoudemire,2007-08,25,PHO,NBA,14.6,79,79,33.9,9.0,15.3,9.0,14.9,0.1,0.4,7.0,8.7,2.3,6.8,9.1,1.5,0.8,2.1,2.2,3.7,25.2,.590,.601,.161,.592,.805,.656,2008
98,Kobe Bryant,2007-08,29,LAL,NBA,13.8,82,82,38.9,9.5,20.6,7.6,15.5,1.8,5.1,7.6,9.0,1.1,5.2,6.3,5.4,1.8,0.5,3.1,2.8,28.3,.459,.490,.361,.503,.840,.576,2008
137,Kevin Garnett,2007-08,31,BOS,NBA,12.9,71,71,32.8,7.5,13.9,7.5,13.8,0.0,0.2,3.8,4.7,1.9,7.3,9.2,3.4,1.4,1.3,1.9,2.3,18.8,.539,.545,.000,.539,.801,.588,2008
139,Dwight Howard,2007-08,22,ORL,NBA,12.9,82,82,37.7,7.1,11.9,7.1,11.8,0.0,0.0,6.5,10.9,3.4,10.8,14.2,1.3,0.9,2.1,3.2,3.3,20.7,.599,.601,.000,.599,.590,.619,2008
142,Dirk Nowitzki,2007-08,29,DAL,NBA,12.9,77,77,36.0,8.2,17.1,7.2,14.2,1.0,2.9,6.2,7.1,1.2,7.3,8.6,3.5,0.7,0.9,2.1,2.6,23.6,.479,.504,.359,.510,.879,.585,2008
172,Paul Pierce,2007-08,30,BOS,NBA,12.4,80,80,35.9,6.4,13.7,4.6,9.2,1.8,4.6,5.1,6.1,0.7,4.5,5.1,4.5,1.3,0.5,2.8,2.5,19.6,.464,.499,.392,.529,.843,.599,2008
225,Deron Williams,2007-08,23,UTA,NBA,11.3,82,82,37.3,6.9,13.6,5.9,11.1,1.0,2.6,4.0,5.0,0.4,2.5,3.0,10.5,1.1,0.3,3.4,2.4,18.8,.507,.533,.395,.544,.803,.595,2008
234,Tim Duncan,2007-08,31,SAS,NBA,11.1,78,78,34.0,7.5,15.1,7.5,15.1,0.0,0.1,4.3,5.9,3.0,8.3,11.3,2.8,0.7,1.9,2.3,2.4,19.3,.497,.498,.000,.497,.730,.546,2008
235,Manu Ginóbili,2007-08,30,SAS,NBA,11.1,74,23,31.1,6.1,13.3,4.0,8.0,2.1,5.3,5.1,6.0,0.9,3.9,4.8,4.5,1.5,0.4,2.7,2.3,19.5,.460,.499,.401,.540,.860,.612,2008
279,Steve Nash,2007-08,33,PHO,NBA,10.5,81,81,34.3,6.0,11.9,3.8,7.2,2.2,4.7,2.7,3.0,0.3,3.1,3.5,11.1,0.7,0.1,3.6,1.4,16.9,.504,.527,.470,.597,.906,.641,2008
295,Carlos Boozer,2007-08,26,UTA,NBA,10.2,81,81,34.9,8.8,16.0,8.8,16.0,0.0,0.0,3.6,4.9,2.4,8.0,10.4,2.9,1.2,0.5,2.6,3.6,21.1,.547,.547,.000,.547,.738,.581,2008
395,Yao Ming,2007-08,27,HOU,NBA,8.3,55,55,37.2,7.9,15.5,7.9,15.5,0.0,0.0,6.3,7.4,3.1,7.7,10.8,2.3,0.5,2.0,3.3,3.1,22.0,.507,.508,.000,.507,.850,.587,2008
454,Tracy McGrady,2007-08,28,HOU,NBA,5.8,66,62,37.0,8.3,19.8,7.0,15.3,1.3,4.5,3.7,5.4,0.6,4.5,5.1,5.9,1.0,0.5,2.4,1.4,21.6,.419,.457,.292,.452,.684,.487,2008
2,LeBron James,2008-09,24,CLE,NBA,20.3,81,81,37.7,9.7,19.9,8.1,15.2,1.6,4.7,7.3,9.4,1.3,6.3,7.6,7.2,1.7,1.1,3.0,1.7,28.4,.489,.535,.344,.530,.780,.591,2009
14,Chris Paul,2008-09,23,NOH,NBA,18.3,78,78,38.5,8.1,16.1,7.3,13.8,0.8,2.3,5.8,6.7,0.9,4.7,5.5,11.0,2.8,0.1,3.0,2.7,22.8,.503,.525,.364,.528,.868,.599,2009
67,Dwyane Wade,2008-09,27,MIA,NBA,14.7,79,79,38.6,10.8,22.0,9.7,18.5,1.1,3.5,7.5,9.8,1.1,3.9,5.0,7.5,2.2,1.3,3.4,2.3,30.2,.491,.524,.317,.516,.765,.574,2009
92,Pau Gasol,2008-09,28,LAL,NBA,13.9,81,81,37.0,7.3,12.9,7.3,12.9,0.0,0.0,4.2,5.4,3.2,6.4,9.6,3.5,0.6,1.0,1.9,2.1,18.9,.567,.567,.500,.567,.781,.617,2009
100,Dwight Howard,2008-09,23,ORL,NBA,13.8,79,79,35.7,7.1,12.4,7.1,12.4,0.0,0.0,6.4,10.7,4.3,9.6,13.8,1.4,1.0,2.9,3.0,3.4,20.6,.572,.573,.000,.572,.594,.600,2009
112,Brandon Roy,2008-09,24,POR,NBA,13.5,78,78,37.2,8.1,16.9,7.1,14.1,1.1,2.8,5.3,6.5,1.3,3.4,4.7,5.1,1.1,0.3,1.9,1.6,22.6,.480,.501,.377,.512,.824,.573,2009
154,Kobe Bryant,2008-09,30,LAL,NBA,12.7,82,82,36.1,9.8,20.9,8.3,16.8,1.4,4.1,5.9,6.9,1.1,4.1,5.2,4.9,1.5,0.5,2.6,2.3,26.8,.467,.496,.351,.502,.856,.561,2009
248,Dirk Nowitzki,2008-09,30,DAL,NBA,10.9,81,81,37.7,9.6,20.0,8.8,17.9,0.8,2.1,6.0,6.7,1.1,7.3,8.4,2.4,0.8,0.8,1.9,2.2,25.9,.479,.493,.359,.498,.890,.564,2009
272,Yao Ming,2008-09,28,HOU,NBA,10.6,77,77,33.6,7.4,13.4,7.3,13.4,0.0,0.0,4.9,5.7,2.6,7.2,9.9,1.8,0.4,1.9,3.0,3.3,19.7,.548,.548,1.000,.549,.866,.618,2009
293,Paul Pierce,2008-09,31,BOS,NBA,10.3,81,81,37.5,6.7,14.6,5.2,10.8,1.5,3.8,5.7,6.8,0.7,5.0,5.6,3.6,1.0,0.3,2.8,2.7,20.5,.457,.480,.391,.508,.830,.582,2009
302,Chauncey Billups,2008-09,32,TOT,NBA,10.1,79,79,35.3,5.2,12.4,3.1,7.4,2.1,5.0,5.3,5.8,0.4,2.6,3.0,6.4,1.2,0.2,2.2,2.0,17.7,.418,.425,.408,.501,.913,.592,2009
303,Tim Duncan,2008-09,32,SAS,NBA,10.1,75,75,33.7,7.4,14.8,7.4,14.7,0.0,0.0,4.5,6.4,2.7,8.0,10.7,3.5,0.5,1.7,2.2,2.3,19.3,.504,.505,.000,.504,.692,.549,2009
384,Tony Parker,2008-09,26,SAS,NBA,8.6,72,71,34.1,8.9,17.5,8.6,16.6,0.3,0.9,3.9,5.0,0.4,2.7,3.1,6.9,0.9,0.1,2.6,1.5,22.0,.506,.518,.292,.513,.782,.556,2009
417,Shaquille O'Neal,2008-09,36,PHO,NBA,7.8,75,75,30.0,6.8,11.2,6.8,11.2,0.0,0.0,4.1,6.9,2.5,5.9,8.4,1.7,0.7,1.4,2.2,3.4,17.8,.609,.610,.000,.609,.595,.623,2009
461,Carmelo Anthony,2008-09,24,DEN,NBA,5.0,66,66,34.5,8.1,18.3,7.2,15.7,1.0,2.6,5.6,7.1,1.6,5.2,6.8,3.4,1.1,0.4,3.0,3.0,22.8,.443,.455,.371,.469,.793,.532,2009
11,LeBron James,2009-10,25,CLE,NBA,18.5,76,76,39.0,10.1,20.1,8.4,15.0,1.7,5.1,7.8,10.2,0.9,6.4,7.3,8.6,1.6,1.0,3.4,1.6,29.7,.503,.560,.333,.545,.767,.604,2010
34,Kevin Durant,2009-10,21,OKC,NBA,16.1,82,82,39.5,9.7,20.3,8.1,16.1,1.6,4.3,9.2,10.2,1.3,6.3,7.6,2.8,1.4,1.0,3.3,2.1,30.1,.476,.506,.365,.514,.900,.607,2010
120,Dwight Howard,2009-10,24,ORL,NBA,13.2,82,82,34.7,6.2,10.2,6.2,10.1,0.0,0.1,5.9,10.0,3.5,9.7,13.2,1.8,0.9,2.8,3.3,3.5,18.3,.612,.617,.000,.612,.592,.630,2010
135,Dwyane Wade,2009-10,28,MIA,NBA,13.0,77,77,36.3,9.3,19.6,8.4,16.5,0.9,3.2,6.9,9.1,1.4,3.5,4.8,6.5,1.8,1.1,3.3,2.4,26.6,.476,.509,.300,.500,.761,.562,2010
174,Dirk Nowitzki,2009-10,31,DAL,NBA,12.3,81,80,37.5,8.9,18.5,8.3,17.0,0.6,1.5,6.6,7.2,1.0,6.7,7.7,2.7,0.9,1.0,1.8,2.6,25.0,.481,.487,.421,.498,.915,.578,2010
239,Pau Gasol,2009-10,29,LAL,NBA,11.0,65,65,37.0,7.0,13.0,7.0,12.9,0.0,0.1,4.4,5.6,3.7,7.6,11.3,3.4,0.6,1.7,2.2,2.3,18.3,.536,.539,.000,.536,.790,.593,2010
245,Tim Duncan,2009-10,33,SAS,NBA,10.9,78,77,31.3,7.2,13.9,7.2,13.7,0.0,0.1,3.5,4.8,2.8,7.3,10.1,3.2,0.6,1.5,1.8,1.9,17.9,.518,.522,.182,.519,.725,.560,2010
264,Amar'e Stoudemire,2009-10,27,PHO,NBA,10.7,82,82,34.6,8.6,15.4,8.6,15.3,0.0,0.1,5.9,7.7,2.8,6.1,8.9,1.0,0.6,1.0,2.6,3.4,23.1,.557,.559,.167,.557,.771,.615,2010
294,Deron Williams,2009-10,25,UTA,NBA,10.3,76,76,36.9,6.5,13.9,5.2,10.4,1.3,3.4,4.4,5.5,0.7,3.3,4.0,10.5,1.3,0.2,3.3,2.7,18.7,.469,.501,.371,.515,.801,.574,2010
317,Steve Nash,2009-10,35,PHO,NBA,9.9,81,81,32.8,6.2,12.2,4.6,8.6,1.5,3.6,2.6,2.8,0.4,2.9,3.3,11.0,0.5,0.1,3.6,1.3,16.5,.507,.540,.426,.570,.938,.615,2010
341,Kobe Bryant,2009-10,31,LAL,NBA,9.4,73,73,38.8,9.8,21.5,8.5,17.4,1.4,4.1,6.0,7.4,1.1,4.3,5.4,5.0,1.5,0.3,3.2,2.6,27.0,.456,.487,.329,.488,.811,.545,2010
359,Brandon Roy,2009-10,25,POR,NBA,9.1,65,65,37.2,7.6,16.0,6.4,12.6,1.1,3.4,5.3,6.8,1.1,3.3,4.4,4.7,0.9,0.2,2.0,2.1,21.5,.473,.512,.330,.508,.780,.568,2010
389,Joe Johnson,2009-10,28,ATL,NBA,8.4,76,76,38.0,8.4,18.2,6.7,13.6,1.7,4.6,2.9,3.5,1.0,3.7,4.6,4.9,1.1,0.1,1.9,1.9,21.3,.458,.488,.369,.505,.818,.538,2010
412,Carmelo Anthony,2009-10,25,DEN,NBA,7.9,69,69,38.2,10.0,21.8,9.1,19.1,0.9,2.7,7.4,8.9,2.2,4.4,6.6,3.2,1.3,0.4,3.0,3.3,28.2,.458,.478,.316,.478,.830,.548,2010
424,Andrew Bogut,2009-10,25,MIL,NBA,7.5,69,69,32.3,6.9,13.2,6.9,13.2,0.0,0.0,2.2,3.4,3.0,7.1,10.2,1.8,0.6,2.5,1.9,3.2,15.9,.520,.521,.000,.520,.629,.540,2010
46,LeBron James,2010-11,26,MIA,NBA,15.6,79,79,38.8,9.6,18.8,8.4,15.3,1.2,3.5,6.4,8.4,1.0,6.5,7.5,7.0,1.6,0.6,3.6,2.1,26.7,.510,.552,.330,.541,.759,.594,2011
66,Pau Gasol,2010-11,30,LAL,NBA,14.7,82,82,37.0,7.2,13.7,7.2,13.6,0.0,0.0,4.3,5.2,3.3,6.9,10.2,3.3,0.6,1.6,1.7,2.5,18.8,.529,.530,.333,.530,.823,.589,2011
79,Dwight Howard,2010-11,25,ORL,NBA,14.4,78,78,37.6,7.9,13.4,7.9,13.3,0.0,0.1,7.0,11.7,4.0,10.1,14.1,1.4,1.4,2.4,3.6,3.3,22.9,.593,.597,.000,.593,.596,.616,2011
94,Chris Paul,2010-11,25,NOH,NBA,13.9,80,80,36.0,5.4,11.6,4.5,9.3,0.9,2.3,4.2,4.8,0.5,3.6,4.1,9.8,2.4,0.1,2.2,2.5,15.9,.463,.482,.388,.502,.878,.578,2011
128,Derrick Rose,2010-11,22,CHI,NBA,13.1,81,81,37.4,8.8,19.7,7.2,15.0,1.6,4.8,5.9,6.9,1.0,3.1,4.1,7.7,1.0,0.6,3.4,1.7,25.0,.445,.481,.332,.485,.858,.550,2011
152,Dwyane Wade,2010-11,29,MIA,NBA,12.8,76,76,37.1,9.1,18.2,8.3,15.5,0.8,2.7,6.5,8.6,1.6,4.8,6.4,4.6,1.5,1.1,3.1,2.6,25.5,.500,.534,.306,.523,.758,.581,2011
185,Kevin Durant,2010-11,22,OKC,NBA,12.0,78,78,38.9,9.1,19.7,7.3,14.4,1.9,5.3,7.6,8.7,0.7,6.1,6.8,2.7,1.1,1.0,2.8,2.0,27.7,.462,.504,.350,.509,.880,.589,2011
233,LaMarcus Aldridge,2010-11,25,POR,NBA,11.1,81,81,39.6,8.7,17.5,8.7,17.2,0.0,0.3,4.3,5.5,3.4,5.3,8.8,2.1,1.0,1.2,1.9,2.7,21.8,.500,.505,.174,.501,.791,.549,2011
237,Dirk Nowitzki,2010-11,32,DAL,NBA,11.1,73,73,34.3,8.4,16.2,7.5,13.8,0.9,2.3,5.4,6.1,0.7,6.3,7.0,2.6,0.5,0.6,1.9,2.4,23.0,.517,.538,.393,.545,.892,.612,2011
282,Zach Randolph,2010-11,29,MEM,NBA,10.5,75,74,36.3,8.0,15.8,7.9,15.3,0.1,0.6,4.0,5.3,4.3,7.8,12.2,2.2,0.8,0.3,2.0,2.3,20.1,.503,.515,.186,.507,.758,.552,2011
290,Kobe Bryant,2010-11,32,LAL,NBA,10.3,82,82,33.9,9.0,20.0,7.6,15.6,1.4,4.3,5.9,7.1,1.0,4.1,5.1,4.7,1.2,0.1,3.0,2.1,25.3,.451,.487,.323,.487,.828,.548,2011
304,Al Horford,2010-11,24,ATL,NBA,10.1,77,77,35.1,6.7,12.0,6.6,11.9,0.0,0.1,1.9,2.4,2.4,7.0,9.3,3.5,0.8,1.0,1.5,2.5,15.3,.557,.557,.500,.558,.798,.587,2011
315,Manu Ginóbili,2010-11,33,SAS,NBA,9.9,80,79,30.3,5.5,12.7,3.6,7.2,1.9,5.5,4.5,5.1,0.5,3.2,3.7,4.9,1.5,0.4,2.2,2.0,17.4,.433,.497,.349,.509,.871,.581,2011
342,Russell Westbrook,2010-11,22,OKC,NBA,9.4,82,82,34.7,7.5,17.0,7.1,15.7,0.4,1.3,6.5,7.7,1.5,3.1,4.6,8.2,1.9,0.4,3.9,2.5,21.9,.442,.451,.330,.454,.842,.538,2011
409,Amar'e Stoudemire,2010-11,28,NYK,NBA,8.0,78,78,36.8,9.5,19.0,9.4,18.7,0.1,0.3,6.1,7.7,2.5,5.6,8.2,2.6,0.9,1.9,3.2,3.5,25.3,.502,.503,.435,.505,.792,.565,2011
74,LeBron James,2011-12,27,MIA,NBA,14.5,62,62,37.5,10.0,18.9,9.1,16.5,0.9,2.4,6.2,8.1,1.5,6.4,7.9,6.2,1.9,0.8,3.4,1.5,27.1,.531,.556,.362,.554,.771,.605,2012
157,Chris Paul,2011-12,26,LAC,NBA,12.7,60,60,36.4,7.1,14.8,5.8,11.3,1.3,3.6,4.3,5.0,0.7,2.9,3.6,9.1,2.5,0.1,2.1,2.3,19.8,.478,.511,.371,.522,.861,.581,2012
176,Kevin Durant,2011-12,23,OKC,NBA,12.2,66,66,38.6,9.7,19.7,7.7,14.4,2.0,5.2,6.5,7.6,0.6,7.4,8.0,3.5,1.3,1.2,3.8,2.0,28.0,.496,.535,.387,.547,.860,.610,2012
311,Kevin Love,2011-12,23,MIN,NBA,10.0,55,55,39.0,8.6,19.3,6.7,14.1,1.9,5.1,6.9,8.4,4.1,9.2,13.3,2.0,0.9,0.5,2.3,2.8,26.0,.448,.475,.372,.497,.824,.568,2012
337,Tyson Chandler,2011-12,29,NYK,NBA,9.5,62,62,33.2,3.9,5.7,3.9,5.7,0.0,0.0,3.5,5.1,3.4,6.5,9.9,0.9,0.9,1.4,1.6,3.0,11.3,.679,.683,.000,.679,.689,.708,2012
349,Blake Griffin,2011-12,22,LAC,NBA,9.2,66,66,36.2,8.5,15.5,8.5,15.2,0.0,0.2,3.7,7.1,3.3,7.6,10.9,3.2,0.8,0.7,2.3,3.3,20.7,.549,.556,.125,.550,.521,.557,2012
403,Andrew Bynum,2011-12,24,LAL,NBA,8.0,60,60,35.2,7.4,13.3,7.4,13.2,0.0,0.1,3.9,5.6,3.2,8.6,11.8,1.4,0.5,1.9,2.5,1.7,18.7,.558,.560,.200,.558,.692,.594,2012
415,Russell Westbrook,2011-12,23,OKC,NBA,7.9,66,66,35.3,8.8,19.2,7.8,16.2,0.9,3.0,5.2,6.3,1.5,3.1,4.6,5.5,1.7,0.3,3.6,2.2,23.6,.457,.482,.316,.481,.823,.538,2012
419,Dwight Howard,2011-12,26,ORL,NBA,7.7,54,54,38.3,7.7,13.4,7.7,13.3,0.0,0.1,5.2,10.6,3.7,10.8,14.5,1.9,1.5,2.1,3.2,2.9,20.6,.573,.579,.000,.573,.491,.569,2012
420,Dwyane Wade,2011-12,30,MIA,NBA,7.7,49,49,33.2,8.5,17.1,8.2,15.9,0.3,1.1,4.8,6.1,1.5,3.3,4.8,4.6,1.7,1.3,2.6,2.2,22.1,.497,.513,.268,.506,.791,.559,2012
422,Dirk Nowitzki,2011-12,33,DAL,NBA,7.6,62,62,33.5,7.6,16.7,6.4,13.3,1.3,3.4,5.1,5.7,0.7,6.0,6.7,2.2,0.7,0.5,1.9,2.1,21.6,.457,.481,.368,.495,.896,.564,2012
437,Tony Parker,2011-12,29,SAS,NBA,7.1,60,60,32.1,7.1,14.8,6.9,13.8,0.2,1.0,3.8,4.7,0.4,2.5,2.9,7.7,1.0,0.1,2.6,1.3,18.3,.480,.498,.230,.488,.799,.539,2012
448,Carmelo Anthony,2011-12,27,NYK,NBA,6.2,55,55,34.1,8.0,18.6,6.8,14.9,1.2,3.7,5.4,6.7,1.6,4.7,6.3,3.6,1.1,0.4,2.6,2.8,22.6,.430,.454,.335,.463,.804,.525,2012
449,Kobe Bryant,2011-12,33,LAL,NBA,6.2,58,58,38.5,9.9,23.0,8.4,18.1,1.5,4.9,6.6,7.8,1.1,4.3,5.4,4.6,1.2,0.3,3.5,1.8,27.9,.430,.464,.303,.462,.845,.527,2012
462,Rajon Rondo,2011-12,25,BOS,NBA,4.9,53,53,36.9,4.8,10.8,4.6,10.0,0.2,0.8,2.0,3.4,1.2,3.7,4.8,11.7,1.8,0.1,3.6,1.9,11.9,.448,.464,.238,.456,.597,.483,2012
6,LeBron James,2012-13,28,MIA,NBA,19.3,76,76,37.9,10.1,17.8,8.7,14.5,1.4,3.3,5.3,7.0,1.3,6.8,8.0,7.3,1.7,0.9,3.0,1.4,26.8,.565,.602,.406,.603,.753,.640,2013
9,Kevin Durant,2012-13,24,OKC,NBA,18.9,81,81,38.5,9.0,17.7,7.3,13.6,1.7,4.1,8.4,9.3,0.6,7.3,7.9,4.6,1.4,1.3,3.5,1.8,28.1,.510,.539,.416,.559,.905,.647,2013
93,Chris Paul,2012-13,27,LAC,NBA,13.9,70,70,33.4,5.9,12.2,4.8,8.9,1.1,3.3,4.1,4.6,0.8,3.0,3.7,9.7,2.4,0.1,2.3,2.0,16.9,.481,.538,.328,.526,.885,.594,2013
149,James Harden,2012-13,23,HOU,NBA,12.8,78,78,38.3,7.5,17.1,5.2,10.9,2.3,6.2,8.6,10.2,0.8,4.1,4.9,5.8,1.8,0.5,3.8,2.3,25.9,.438,.477,.368,.504,.851,.600,2013
209,Russell Westbrook,2012-13,24,OKC,NBA,11.6,82,82,34.9,8.2,18.7,7.0,15.1,1.2,3.7,5.6,7.0,1.4,3.9,5.2,7.4,1.8,0.3,3.3,2.3,23.2,.438,.466,.323,.470,.800,.532,2013
212,Marc Gasol,2012-13,28,MEM,NBA,11.5,80,80,35.0,5.4,10.9,5.4,10.7,0.0,0.2,3.4,4.0,2.3,5.5,7.8,4.0,1.0,1.7,2.0,3.2,14.1,.494,.501,.071,.494,.848,.559,2013
244,Kobe Bryant,2012-13,34,LAL,NBA,10.9,78,78,38.6,9.5,20.4,7.8,15.2,1.7,5.2,6.7,8.0,0.8,4.7,5.6,6.0,1.4,0.3,3.7,2.2,27.3,.463,.510,.324,.504,.839,.570,2013
269,Blake Griffin,2012-13,23,LAC,NBA,10.6,80,80,32.5,7.2,13.4,7.2,13.1,0.1,0.4,3.5,5.3,2.3,6.0,8.3,3.7,1.2,0.6,2.3,2.9,18.0,.538,.548,.179,.541,.660,.572,2013
334,Dwyane Wade,2012-13,31,MIA,NBA,9.6,69,69,34.7,8.2,15.8,8.0,14.9,0.2,1.0,4.5,6.2,1.2,3.7,5.0,5.1,1.9,0.8,2.8,2.0,21.2,.521,.537,.258,.528,.725,.571,2013
335,Carmelo Anthony,2012-13,28,NYK,NBA,9.5,67,67,37.0,10.0,22.2,7.6,16.0,2.3,6.2,6.3,7.6,2.0,4.9,6.9,2.6,0.8,0.5,2.6,3.1,28.7,.449,.476,.379,.502,.830,.560,2013
343,Tony Parker,2012-13,30,SAS,NBA,9.3,66,66,32.9,7.9,15.1,7.5,14.0,0.4,1.0,4.2,5.0,0.3,2.7,3.0,7.6,0.8,0.1,2.6,1.4,20.3,.522,.534,.353,.534,.845,.588,2013
356,David Lee,2012-13,29,GSW,NBA,9.1,79,79,36.8,7.6,14.7,7.6,14.6,0.0,0.1,3.2,4.1,2.8,8.5,11.2,3.5,0.8,0.3,2.6,3.1,18.5,.519,.521,.000,.519,.797,.561,2013
361,Paul George,2012-13,22,IND,NBA,9.0,79,79,37.6,6.2,14.9,4.1,8.9,2.2,5.9,2.8,3.5,1.1,6.5,7.6,4.1,1.8,0.6,2.9,2.9,17.4,.419,.457,.362,.491,.807,.531,2013
394,Tim Duncan,2012-13,36,SAS,NBA,8.3,69,69,30.1,7.1,14.1,7.1,14.0,0.0,0.1,3.6,4.3,1.8,8.1,9.9,2.7,0.7,2.7,2.1,1.7,17.8,.502,.504,.286,.503,.817,.554,2013
421,Dwight Howard,2012-13,27,LAL,NBA,7.6,76,76,35.8,6.2,10.7,6.2,10.6,0.0,0.1,4.7,9.5,3.3,9.1,12.4,1.4,1.1,2.4,3.0,3.8,17.1,.578,.581,.167,.579,.492,.573,2013
7,Kevin Durant,2013-14,25,OKC,NBA,19.2,81,81,38.5,10.5,20.8,8.1,14.8,2.4,6.1,8.7,9.9,0.7,6.7,7.4,5.5,1.3,0.7,3.5,2.1,32.0,.503,.549,.391,.560,.873,.635,2014
40,LeBron James,2013-14,29,MIA,NBA,15.9,77,77,37.7,10.0,17.6,8.5,13.6,1.5,4.0,5.7,7.6,1.1,5.9,6.9,6.3,1.6,0.3,3.5,1.6,27.1,.567,.622,.379,.610,.750,.649,2014
84,Kevin Love,2013-14,25,MIN,NBA,14.3,77,77,36.3,8.4,18.5,6.0,11.9,2.5,6.6,6.8,8.2,2.9,9.6,12.5,4.4,0.8,0.5,2.5,1.8,26.1,.457,.502,.376,.524,.821,.591,2014
115,Stephen Curry,2013-14,25,GSW,NBA,13.4,78,78,36.5,8.4,17.7,5.0,9.8,3.3,7.9,3.9,4.5,0.6,3.7,4.3,8.5,1.6,0.2,3.8,2.5,24.0,.471,.509,.424,.566,.885,.610,2014
150,James Harden,2013-14,24,HOU,NBA,12.8,73,73,38.0,7.5,16.5,5.1,9.9,2.4,6.6,7.9,9.1,0.8,3.9,4.7,6.1,1.6,0.4,3.6,2.4,25.4,.456,.515,.366,.529,.866,.618,2014
177,Blake Griffin,2013-14,24,LAC,NBA,12.2,80,80,35.8,9.0,17.0,8.8,16.4,0.2,0.6,6.0,8.4,2.4,7.1,9.5,3.9,1.2,0.6,2.8,3.3,24.1,.528,.537,.273,.533,.715,.583,2014
181,Chris Paul,2013-14,28,LAC,NBA,12.2,62,62,35.0,6.5,14.0,5.3,10.6,1.3,3.4,4.8,5.6,0.6,3.7,4.3,10.7,2.5,0.1,2.3,2.5,19.1,.467,.498,.368,.511,.855,.580,2014
229,Joakim Noah,2013-14,28,CHI,NBA,11.2,80,80,35.3,4.8,10.0,4.8,10.0,0.0,0.0,3.1,4.2,3.5,7.7,11.3,5.4,1.2,1.5,2.4,3.1,12.6,.475,.476,.000,.475,.737,.531,2014
252,Paul George,2013-14,23,IND,NBA,10.8,80,80,36.2,7.2,17.0,4.9,10.8,2.3,6.3,5.0,5.8,0.8,6.0,6.8,3.5,1.9,0.3,2.8,2.5,21.7,.424,.458,.364,.490,.864,.555,2014
291,Goran Dragić,2013-14,27,PHO,NBA,10.3,76,75,35.1,7.3,14.4,5.7,10.4,1.6,3.9,4.2,5.5,0.9,2.3,3.2,5.9,1.4,0.3,2.8,2.7,20.3,.505,.542,.408,.561,.760,.604,2014
330,Damian Lillard,2013-14,23,POR,NBA,9.6,82,82,35.8,6.7,15.9,4.1,9.1,2.7,6.8,4.5,5.2,0.4,3.1,3.5,5.6,0.8,0.3,2.4,2.4,20.7,.424,.447,.394,.508,.871,.568,2014
405,Dwight Howard,2013-14,28,HOU,NBA,8.0,71,71,33.7,6.7,11.3,6.6,11.2,0.0,0.1,4.9,9.0,3.3,8.9,12.2,1.8,0.8,1.8,3.2,3.4,18.3,.591,.594,.286,.593,.547,.600,2014
416,Al Jefferson,2013-14,29,CHA,NBA,7.8,73,73,35.0,9.6,18.8,9.5,18.6,0.0,0.2,2.6,3.8,2.1,8.7,10.8,2.1,0.9,1.1,1.7,2.4,21.8,.509,.512,.200,.510,.690,.532,2014
423,LaMarcus Aldridge,2013-14,28,POR,NBA,7.5,69,69,36.2,9.4,20.6,9.4,20.4,0.0,0.2,4.3,5.2,2.4,8.7,11.1,2.6,0.9,1.0,1.8,2.1,23.2,.458,.461,.200,.459,.822,.507,2014
453,Tony Parker,2013-14,31,SAS,NBA,5.9,68,68,29.4,6.7,13.4,6.3,12.5,0.4,1.0,2.9,3.6,0.3,2.0,2.3,5.7,0.5,0.1,2.2,1.3,16.7,.499,.509,.373,.513,.811,.555,2014
29,James Harden,2014-15,25,HOU,NBA,16.4,81,81,36.8,8.0,18.1,5.4,11.3,2.6,6.9,8.8,10.2,0.9,4.7,5.7,7.0,1.9,0.7,4.0,2.6,27.4,.440,.480,.375,.511,.868,.605,2015
39,Chris Paul,2014-15,29,LAC,NBA,16.1,82,82,34.8,6.9,14.3,5.2,10.0,1.7,4.3,3.5,3.9,0.6,4.0,4.6,10.2,1.9,0.2,2.3,2.5,19.1,.485,.523,.398,.545,.900,.596,2015
44,Stephen Curry,2014-15,26,GSW,NBA,15.7,80,80,32.7,8.2,16.8,4.6,8.7,3.6,8.1,3.9,4.2,0.7,3.6,4.3,7.7,2.0,0.2,3.1,2.0,23.8,.487,.528,.443,.594,.914,.638,2015
86,Anthony Davis,2014-15,21,NOP,NBA,14.0,68,68,36.1,9.4,17.6,9.4,17.5,0.0,0.2,5.5,6.8,2.5,7.7,10.2,2.2,1.5,2.9,1.4,2.1,24.4,.535,.540,.083,.536,.805,.591,2015
151,DeAndre Jordan,2014-15,26,LAC,NBA,12.8,82,82,34.4,4.6,6.5,4.6,6.5,0.0,0.0,2.3,5.7,4.8,10.1,15.0,0.7,1.0,2.2,1.3,3.0,11.5,.710,.713,.250,.711,.397,.638,2015
276,Russell Westbrook,2014-15,26,OKC,NBA,10.6,67,67,34.4,9.4,22.0,8.1,17.7,1.3,4.3,8.1,9.8,1.9,5.4,7.3,8.6,2.1,0.2,4.4,2.7,28.1,.426,.457,.299,.455,.835,.536,2015
286,Pau Gasol,2014-15,34,CHI,NBA,10.4,78,78,34.4,7.3,14.8,7.2,14.4,0.2,0.3,3.8,4.7,2.8,9.0,11.8,2.7,0.3,1.9,2.0,1.9,18.5,.494,.495,.462,.500,.803,.550,2015
287,Kyrie Irving,2014-15,22,CLE,NBA,10.4,75,75,36.4,7.7,16.5,5.6,11.4,2.1,5.0,4.2,4.9,0.7,2.4,3.2,5.2,1.5,0.3,2.5,1.9,21.7,.468,.491,.415,.532,.863,.583,2015
288,LeBron James,2014-15,30,CLE,NBA,10.4,69,69,36.1,9.0,18.5,7.3,13.6,1.7,4.9,5.4,7.7,0.7,5.3,6.0,7.4,1.6,0.7,3.9,2.0,25.3,.488,.536,.354,.535,.710,.577,2015
296,Marc Gasol,2014-15,30,MEM,NBA,10.2,81,81,33.2,6.5,13.2,6.5,13.0,0.0,0.2,4.3,5.4,1.4,6.4,7.8,3.8,0.9,1.6,2.2,2.6,17.4,.494,.500,.176,.496,.795,.558,2015
327,Tim Duncan,2014-15,38,SAS,NBA,9.6,77,77,28.9,5.4,10.6,5.4,10.5,0.0,0.1,3.0,4.0,2.2,6.9,9.1,3.0,0.8,2.0,1.7,2.1,13.9,.512,.514,.286,.513,.740,.560,2015
362,Blake Griffin,2014-15,25,LAC,NBA,9.0,67,67,35.2,8.6,17.1,8.4,16.7,0.1,0.4,4.6,6.4,1.9,5.7,7.6,5.3,0.9,0.5,2.3,2.9,21.9,.502,.504,.400,.506,.728,.551,2015
372,Klay Thompson,2014-15,24,GSW,NBA,8.8,77,77,31.9,7.8,16.9,4.7,9.8,3.1,7.1,2.9,3.3,0.4,2.9,3.2,2.9,1.1,0.8,1.9,1.6,21.7,.463,.481,.439,.555,.879,.591,2015
380,LaMarcus Aldridge,2014-15,29,POR,NBA,8.6,71,71,35.4,9.3,19.9,8.8,18.5,0.5,1.5,4.3,5.1,2.5,7.7,10.2,1.7,0.7,1.0,1.7,1.8,23.4,.466,.475,.352,.479,.845,.528,2015
452,DeMarcus Cousins,2014-15,24,SAC,NBA,6.0,59,59,34.1,8.4,18.1,8.4,17.9,0.0,0.1,7.2,9.2,3.1,9.5,12.7,3.6,1.5,1.7,4.3,4.1,24.1,.467,.469,.250,.468,.782,.545,2015
16,Stephen Curry,2015-16,27,GSW,NBA,17.9,79,79,34.2,10.2,20.2,5.1,9.0,5.1,11.2,4.6,5.1,0.9,4.6,5.4,6.7,2.1,0.2,3.3,2.0,30.1,.504,.566,.454,.630,.908,.669,2016
73,Kevin Durant,2015-16,27,OKC,NBA,14.5,72,72,35.8,9.7,19.2,7.1,12.5,2.6,6.7,6.2,6.9,0.6,7.6,8.2,5.0,1.0,1.2,3.5,1.9,28.2,.505,.569,.387,.573,.898,.634,2016
91,Russell Westbrook,2015-16,27,OKC,NBA,14.0,80,80,34.4,8.2,18.1,6.9,13.8,1.3,4.3,5.8,7.2,1.8,6.0,7.8,10.4,2.0,0.3,4.3,2.5,23.5,.454,.503,.296,.489,.812,.554,2016
106,Kawhi Leonard,2015-16,24,SAS,NBA,13.7,72,72,33.1,7.7,15.1,5.9,11.1,1.8,4.0,4.1,4.6,1.3,5.5,6.8,2.6,1.8,1.0,1.5,1.8,21.2,.506,.528,.443,.565,.874,.616,2016
108,LeBron James,2015-16,31,CLE,NBA,13.6,76,76,35.6,9.7,18.6,8.6,14.9,1.1,3.7,4.7,6.5,1.5,6.0,7.4,6.8,1.4,0.6,3.3,1.9,25.3,.520,.573,.309,.551,.731,.588,2016
156,Chris Paul,2015-16,30,LAC,NBA,12.7,74,74,32.7,7.0,15.1,5.3,10.6,1.6,4.4,4.0,4.4,0.5,3.7,4.2,10.0,2.1,0.2,2.6,2.5,19.5,.462,.501,.371,.517,.896,.575,2016
206,Kyle Lowry,2015-16,29,TOR,NBA,11.6,77,77,37.0,6.6,15.6,3.9,8.5,2.8,7.1,5.2,6.4,0.7,4.0,4.7,6.4,2.1,0.4,2.9,2.7,21.2,.427,.461,.388,.516,.811,.578,2016
213,DeAndre Jordan,2015-16,27,LAC,NBA,11.5,77,77,33.7,4.6,6.6,4.6,6.6,0.0,0.0,3.5,8.0,3.5,10.3,13.8,1.2,0.7,2.3,1.4,2.7,12.7,.703,.704,.000,.703,.430,.628,2016
236,Draymond Green,2015-16,25,GSW,NBA,11.1,81,81,34.7,5.0,10.1,3.7,6.9,1.2,3.2,2.8,4.1,1.7,7.8,9.5,7.4,1.5,1.4,3.2,3.0,14.0,.490,.537,.388,.551,.696,.587,2016
301,LaMarcus Aldridge,2015-16,30,SAS,NBA,10.1,74,74,30.6,7.2,14.1,7.2,13.9,0.0,0.2,3.5,4.1,2.4,6.2,8.5,1.5,0.5,1.1,1.3,2.0,18.0,.513,.521,.000,.513,.858,.565,2016
348,Paul George,2015-16,25,IND,NBA,9.2,81,81,34.8,7.5,17.9,4.9,10.9,2.6,7.0,5.6,6.5,1.0,6.0,7.0,4.1,1.9,0.4,3.3,2.8,23.1,.418,.447,.371,.490,.860,.557,2016
352,Damian Lillard,2015-16,25,POR,NBA,9.2,75,75,35.7,8.2,19.7,5.2,11.5,3.1,8.1,5.5,6.2,0.6,3.4,4.0,6.8,0.9,0.4,3.2,2.2,25.1,.419,.450,.375,.497,.892,.560,2016
410,Klay Thompson,2015-16,25,GSW,NBA,8.0,80,80,33.3,8.1,17.3,4.7,9.2,3.5,8.1,2.4,2.8,0.4,3.4,3.8,2.1,0.8,0.6,1.7,1.9,22.1,.470,.510,.425,.569,.873,.597,2016
427,Andre Drummond,2015-16,22,DET,NBA,7.4,81,81,32.9,6.8,13.1,6.8,13.0,0.0,0.1,2.6,7.2,4.9,9.9,14.8,0.8,1.5,1.4,1.9,3.0,16.2,.521,.522,.333,.522,.355,.499,2016
456,DeMarcus Cousins,2015-16,25,SAC,NBA,5.7,65,65,34.6,9.2,20.5,8.2,17.3,1.1,3.2,7.3,10.2,2.4,9.1,11.5,3.3,1.6,1.4,3.8,3.6,26.9,.451,.473,.333,.477,.718,.538,2016
62,James Harden,2016-17,27,HOU,NBA,15.0,81,81,36.4,8.3,18.9,5.1,9.6,3.2,9.3,9.2,10.9,1.2,7.0,8.1,11.2,1.5,0.5,5.7,2.7,29.1,.440,.530,.347,.525,.847,.613,2017
82,Rudy Gobert,2016-17,24,UTA,NBA,14.3,81,81,33.9,5.1,7.7,5.1,7.7,0.0,0.0,3.8,5.9,3.9,8.9,12.8,1.2,0.6,2.6,1.8,3.0,14.0,.661,.662,.000,.661,.653,.681,2017
99,Jimmy Butler,2016-17,27,CHI,NBA,13.8,76,75,37.0,7.5,16.5,6.3,13.2,1.2,3.3,7.7,8.9,1.7,4.5,6.2,5.5,1.9,0.4,2.1,1.5,23.9,.455,.477,.367,.492,.865,.586,2017
109,Kawhi Leonard,2016-17,25,SAS,NBA,13.6,74,74,33.4,8.6,17.7,6.6,12.5,2.0,5.2,6.3,7.2,1.1,4.7,5.8,3.5,1.8,0.7,2.1,1.6,25.5,.485,.529,.380,.541,.880,.610,2017
129,Russell Westbrook,2016-17,28,OKC,NBA,13.1,81,81,34.6,10.2,24.0,7.7,16.8,2.5,7.2,8.8,10.4,1.7,9.0,10.7,10.4,1.6,0.4,5.4,2.3,31.6,.425,.459,.343,.476,.845,.554,2017
140,LeBron James,2016-17,32,CLE,NBA,12.9,74,74,37.8,9.9,18.2,8.3,13.5,1.7,4.6,4.8,7.2,1.3,7.3,8.6,8.7,1.2,0.6,4.1,1.8,26.4,.548,.611,.363,.594,.674,.619,2017
160,Stephen Curry,2016-17,28,GSW,NBA,12.6,79,79,33.4,8.5,18.3,4.4,8.3,4.1,10.0,4.1,4.6,0.8,3.7,4.5,6.6,1.8,0.2,3.0,2.3,25.3,.468,.537,.411,.580,.898,.624,2017
167,Isaiah Thomas,2016-17,27,BOS,NBA,12.5,76,76,33.8,9.0,19.4,5.8,10.9,3.2,8.5,7.8,8.5,0.6,2.1,2.7,5.9,0.9,0.2,2.8,2.2,28.9,.463,.528,.379,.546,.909,.625,2017
168,Giannis Antetokounmpo,2016-17,22,MIL,NBA,12.4,80,80,35.6,8.2,15.7,7.6,13.5,0.6,2.3,5.9,7.7,1.8,7.0,8.8,5.4,1.6,1.9,2.9,3.1,22.9,.521,.563,.272,.541,.770,.599,2017
186,Kevin Durant,2016-17,28,GSW,NBA,12.0,62,62,33.4,8.9,16.5,7.0,11.5,1.9,5.0,5.4,6.2,0.6,7.6,8.3,4.8,1.1,1.6,2.2,1.9,25.1,.537,.608,.375,.594,.875,.651,2017
195,DeAndre Jordan,2016-17,28,LAC,NBA,11.8,81,81,31.7,5.1,7.1,5.1,7.1,0.0,0.0,2.5,5.2,3.7,10.1,13.8,1.2,0.6,1.7,1.4,2.6,12.7,.714,.717,.000,.714,.482,.673,2017
238,Anthony Davis,2016-17,23,NOP,NBA,11.0,75,75,36.1,10.3,20.3,9.7,18.6,0.5,1.8,6.9,8.6,2.3,9.5,11.8,2.1,1.3,2.2,2.4,2.2,28.0,.505,.524,.299,.518,.802,.580,2017
360,DeMar DeRozan,2016-17,27,TOR,NBA,9.0,74,74,35.4,9.7,20.9,9.3,19.2,0.4,1.7,7.4,8.7,0.9,4.3,5.2,3.9,1.1,0.2,2.4,1.8,27.3,.467,.484,.266,.477,.842,.552,2017
374,John Wall,2016-17,26,WAS,NBA,8.8,78,78,36.4,8.3,18.4,7.2,14.9,1.1,3.5,5.4,6.8,0.8,3.4,4.2,10.7,2.0,0.6,4.1,1.9,23.1,.451,.480,.327,.482,.801,.541,2017
396,Draymond Green,2016-17,26,GSW,NBA,8.2,76,76,32.5,3.6,8.6,2.5,5.1,1.1,3.5,2.0,2.8,1.3,6.6,7.9,7.0,2.0,1.4,2.4,2.9,10.2,.418,.494,.308,.481,.709,.522,2017
51,James Harden,2017-18,28,HOU,NBA,15.4,72,72,35.4,9.0,20.1,5.4,10.1,3.7,10.0,8.7,10.1,0.6,4.8,5.4,8.8,1.8,0.7,4.4,2.3,30.4,.449,.531,.367,.541,.858,.619,2018
87,LeBron James,2017-18,33,CLE,NBA,14.0,82,82,36.9,10.5,19.3,8.6,14.3,1.8,5.0,4.7,6.5,1.2,7.5,8.6,9.1,1.4,0.9,4.2,1.7,27.5,.542,.603,.367,.590,.731,.621,2018
90,Karl-Anthony Towns,2017-18,22,MIN,NBA,14.0,82,82,35.6,7.8,14.3,6.3,10.8,1.5,3.5,4.2,4.9,2.9,9.4,12.3,2.4,0.8,1.4,1.9,3.5,21.3,.545,.585,.421,.596,.858,.646,2018
104,Anthony Davis,2017-18,24,NOP,NBA,13.7,75,75,36.4,10.4,19.5,9.7,17.3,0.7,2.2,6.6,8.0,2.5,8.6,11.1,2.3,1.5,2.6,2.2,2.1,28.1,.534,.558,.340,.552,.828,.612,2018
161,Damian Lillard,2017-18,27,POR,NBA,12.6,73,73,36.6,8.5,19.4,5.4,10.8,3.1,8.6,6.8,7.4,0.8,3.6,4.5,6.6,1.1,0.4,2.8,1.6,26.9,.439,.501,.361,.519,.916,.594,2018
189,Giannis Antetokounmpo,2017-18,23,MIL,NBA,11.9,75,75,36.7,9.9,18.7,9.3,16.8,0.6,1.9,6.5,8.5,2.1,8.0,10.0,4.8,1.5,1.4,3.0,3.1,26.9,.529,.554,.307,.545,.760,.598,2018
243,LaMarcus Aldridge,2017-18,32,SAS,NBA,10.9,75,75,33.5,9.2,18.0,8.8,16.7,0.4,1.2,4.5,5.3,3.3,5.2,8.5,2.0,0.6,1.2,1.5,2.1,23.1,.510,.526,.293,.520,.837,.570,2018
285,Kevin Durant,2017-18,29,GSW,NBA,10.4,68,68,34.2,9.3,18.0,6.7,11.9,2.5,6.1,5.3,5.9,0.5,6.4,6.8,5.4,0.7,1.8,3.0,2.0,26.4,.516,.565,.419,.586,.889,.640,2018
308,Russell Westbrook,2017-18,29,OKC,NBA,10.1,80,80,36.4,9.5,21.1,8.3,17.0,1.2,4.1,5.2,7.1,1.9,8.2,10.1,10.3,1.8,0.3,4.8,2.5,25.4,.449,.485,.298,.477,.737,.524,2018
326,DeMar DeRozan,2017-18,28,TOR,NBA,9.6,80,80,33.9,8.1,17.7,7.0,14.1,1.1,3.6,5.8,7.0,0.7,3.2,3.9,5.2,1.1,0.3,2.2,1.9,23.0,.456,.494,.310,.488,.825,.555,2018
353,Stephen Curry,2017-18,29,GSW,NBA,9.1,51,51,32.0,8.4,16.9,4.2,7.1,4.2,9.8,5.5,5.9,0.7,4.4,5.1,6.1,1.6,0.2,3.0,2.2,26.4,.495,.595,.423,.618,.921,.675,2018
368,Jimmy Butler,2017-18,28,MIN,NBA,8.9,59,59,36.7,7.4,15.6,6.2,12.2,1.2,3.4,6.2,7.2,1.3,4.0,5.3,4.9,2.0,0.4,1.8,1.3,22.2,.474,.509,.350,.512,.854,.590,2018
369,Paul George,2017-18,27,OKC,NBA,8.9,79,79,36.6,7.3,17.0,4.2,9.3,3.1,7.7,4.3,5.2,0.9,4.7,5.7,3.3,2.0,0.5,2.7,2.9,21.9,.430,.454,.401,.521,.822,.570,2018
397,Victor Oladipo,2017-18,25,IND,NBA,8.2,75,75,34.0,8.5,17.9,6.4,12.1,2.1,5.8,3.9,4.9,0.6,4.6,5.2,4.3,2.4,0.8,2.9,2.3,23.1,.477,.528,.371,.537,.799,.577,2018
450,Joel Embiid,2017-18,23,PHI,NBA,6.2,63,63,30.3,8.1,16.8,7.0,13.4,1.0,3.4,5.7,7.4,2.3,8.7,11.0,3.2,0.6,1.8,3.7,3.3,22.9,.483,.527,.308,.514,.769,.573,2018
56,James Harden,2018-19,29,HOU,NBA,15.2,78,78,36.8,10.8,24.5,6.0,11.3,4.8,13.2,9.7,11.0,0.8,5.8,6.6,7.5,2.0,0.7,5.0,3.1,36.1,.442,.528,.368,.541,.879,.616,2019
75,Giannis Antetokounmpo,2018-19,24,MIL,NBA,14.4,72,72,32.8,10.0,17.3,9.3,14.5,0.7,2.8,6.9,9.5,2.2,10.3,12.5,5.9,1.3,1.5,3.7,3.2,27.7,.578,.641,.256,.599,.729,.644,2019
77,Rudy Gobert,2018-19,26,UTA,NBA,14.4,81,80,31.8,5.9,8.8,5.9,8.8,0.0,0.0,4.1,6.4,3.8,9.0,12.9,2.0,0.8,2.3,1.6,2.9,15.9,.669,.669,,.669,.636,.682,2019
183,Damian Lillard,2018-19,28,POR,NBA,12.1,80,80,35.5,8.5,19.2,5.6,11.1,3.0,8.0,5.9,6.4,0.9,3.8,4.6,6.9,1.1,0.4,2.7,1.9,25.8,.444,.499,.369,.522,.912,.588,2019
190,Paul George,2018-19,28,OKC,NBA,11.9,77,77,36.9,9.2,21.0,5.4,11.1,3.8,9.8,5.9,7.0,1.4,6.8,8.2,4.1,2.2,0.4,2.7,2.8,28.0,.438,.484,.386,.529,.839,.583,2019
194,Nikola Jokić,2018-19,23,DEN,NBA,11.8,80,80,31.3,7.7,15.1,6.7,11.7,1.0,3.4,3.6,4.4,2.9,8.0,10.8,7.3,1.4,0.7,3.1,2.9,20.1,.511,.569,.307,.545,.821,.589,2019
211,Kevin Durant,2018-19,30,GSW,NBA,11.5,78,78,34.6,9.2,17.7,7.5,12.8,1.8,5.0,5.7,6.5,0.4,5.9,6.4,5.9,0.7,1.1,2.9,2.0,26.0,.521,.587,.353,.571,.885,.631,2019
321,Stephen Curry,2018-19,30,GSW,NBA,9.7,69,69,33.8,9.2,19.4,4.0,7.7,5.1,11.7,3.8,4.2,0.7,4.7,5.3,5.2,1.3,0.4,2.8,2.4,27.3,.472,.525,.437,.604,.916,.641,2019
339,Kawhi Leonard,2018-19,27,TOR,NBA,9.5,60,60,34.0,9.3,18.8,7.5,13.8,1.9,5.0,6.1,7.1,1.3,6.0,7.3,3.3,1.8,0.4,2.0,1.5,26.6,.496,.542,.371,.546,.854,.606,2019
355,Kyrie Irving,2018-19,26,BOS,NBA,9.1,67,67,33.0,9.0,18.5,6.4,12.0,2.6,6.5,3.2,3.7,1.1,3.9,5.0,6.9,1.5,0.5,2.6,2.5,23.8,.487,.533,.401,.557,.873,.592,2019
378,Joel Embiid,2018-19,24,PHI,NBA,8.7,64,64,33.7,9.1,18.7,7.8,14.6,1.2,4.1,8.2,10.1,2.5,11.1,13.6,3.7,0.7,1.9,3.5,3.3,27.5,.484,.535,.300,.517,.804,.593,2019
404,Blake Griffin,2018-19,29,DET,NBA,8.0,75,75,35.0,8.3,17.9,5.7,10.9,2.5,7.0,5.5,7.3,1.3,6.2,7.5,5.4,0.7,0.4,3.4,2.7,24.5,.462,.525,.362,.532,.753,.581,2019
430,Kemba Walker,2018-19,28,CHO,NBA,7.4,82,82,34.9,8.9,20.5,5.7,11.6,3.2,8.9,4.6,5.5,0.6,3.8,4.4,5.9,1.2,0.4,2.6,1.6,25.6,.434,.494,.356,.511,.844,.558,2019
434,LeBron James,2018-19,34,LAL,NBA,7.2,55,55,35.2,10.1,19.9,8.1,14.0,2.0,5.9,5.1,7.6,1.0,7.4,8.5,8.3,1.3,0.6,3.6,1.7,27.4,.510,.582,.339,.560,.665,.588,2019
442,Russell Westbrook,2018-19,30,OKC,NBA,6.8,73,73,36.0,8.6,20.2,7.0,14.5,1.6,5.6,4.1,6.2,1.5,9.6,11.1,10.7,1.9,0.5,4.5,3.4,22.9,.428,.481,.290,.468,.656,.501,2019
